,word,positive count,negative count,positive sentiment,negative sentiment
0,hats,6.0,5709.0,0.33505,-0.789992590646
1,NYT,3.0,36.0,0.2609,-0.664641666667
2,whoopi,1.0,1.0,0.4215,-0.34
3,protest,2.0,6.0,0.1777,-0.617983333333
4,Does,7.0,2.0,0.604557142857,-0.17
5,sleep,4.0,5.0,0.75995,-0.6516
6,NYC,19.0,10.0,0.8287,0.0
7,saved,191.0,9.0,0.690897905759,-0.402888888889
8,marching,1.0,3.0,0.0258,-0.5563
9,up.,21.0,10.0,0.553757142857,-0.84759
10,POWER,2.0,1.0,0.4753,-0.0129
11,tweet,5.0,2.0,0.55104,-0.4643
12,Watch,4.0,29.0,0.39615,-0.472668965517
13,supported,3.0,2.0,0.377633333333,-0.27115
14,voted,5.0,1.0,0.57136,-0.2023
15,Nasty,13.0,159.0,0.493092307692,-0.642152830189
16,compassion,1.0,1.0,0.8299,-0.6908
17,women's,31.0,11.0,0.658267741935,-0.733118181818
18,every,3.0,38.0,0.432733333333,-0.209465789474
19,GO,3.0,1.0,0.6557,-0.4753
20,screaming,23.0,6.0,0.744526086957,-0.652633333333
21,encounter,1.0,7.0,0.4588,-0.5459
22,married,1.0,2.0,0.4767,-0.3085
23,DISGUSTING,1.0,3.0,0.5368,-0.8645
24,.....,7.0,6.0,0.462842857143,-0.4466
25,Desperate,2.0,3.0,0.0772,-0.396233333333
26,Go,2.0,5.0,0.22365,-0.22886
27,commented,1.0,2.0,0.1779,0.0
28,Ä,1157.0,1821.0,0.455694727744,-0.553927018122
29,Mitch,2.0,1.0,0.5428,-0.6166
30,me.,4.0,4.0,0.3782,-0.194425
31,second,1.0,3.0,0.8225,-0.264
32,7th,1.0,1.0,0.3382,-0.4404
33,TRASH,5.0,2.0,0.44976,-0.6705
34,monster,189.0,1.0,0.6908,-0.2714
35,even,6.0,26.0,0.4189,-0.535007692308
36,established,2.0,2.0,0.1901,-0.5682
37,stardom,4.0,2977.0,0.40635,-0.80106147128
38,hate,1.0,10.0,0.128,-0.38593
39,victims,160.0,232.0,0.437621875,-0.814234482759
40,sobre,1.0,1.0,0.3818,-0.636
41,new,5.0,12.0,0.39356,-0.35325
42,ever,12.0,484.0,0.418925,-0.216503305785
43,told,6.0,11.0,0.57555,-0.554709090909
44,Made,2.0,7.0,0.0772,-0.467814285714
45,hero,15.0,4.0,0.596493333333,-0.5072
46,never,17.0,46.0,0.412682352941,-0.463576086957
47,reported,189.0,16.0,0.6908,-0.05755625
48,100,2.0,2.0,0.3612,-0.7585
49,aren't,3.0,3.0,0.466066666667,-0.4636
50,kids,1.0,5.0,0.5142,-0.2263
51,daughter,6.0,6.0,0.520266666667,-0.279966666667
52,changed,2.0,1.0,0.2263,-0.1263
53,NOT,154.0,27.0,0.458101298701,-0.270466666667
54,NOW,2.0,1.0,0.5645,-0.8192
55,Å,2.0,6.0,0.3182,-0.631666666667
56,campaign,1.0,1.0,0.2168,-0.7177
57,Harvey,386.0,5080.0,0.529785233161,-0.662767913386
58,highly,1.0,1.0,0.0935,-0.3053
59,Also,3.0,12.0,0.344733333333,-0.635791666667
60,moral,1.0,1.0,0.7203,-0.2714
61,total,1.0,7.0,0.4404,-0.744928571429
62,spoke,7.0,17.0,0.525085714286,-0.624358823529
63,would,38.0,41.0,0.510521052632,-0.452958536585
64,Reporter,4.0,1.0,0.59615,-0.321
65,WHO,1.0,2.0,0.5368,-0.8459
66,call,15.0,9.0,0.415446666667,-0.711977777778
67,type,2.0,2.0,0.6212,-0.2621
68,tell,60.0,12.0,0.443036666667,-0.414741666667
69,females,1.0,1.0,0.2003,-0.34
70,supporters,3.0,2.0,0.7435,-0.2521
71,phony,4.0,2.0,0.357425,-0.24915
72,award,20.0,1.0,0.676025,-0.6331
73,aware,3.0,2.0,0.328633333333,-0.44095
74,warn,1.0,1.0,0.69,-0.6476
75,naaasty,1.0,1.0,0.5449,-0.8268
76,adult,1.0,1.0,0.34,-0.6908
77,V,1.0,1.0,0.3182,-0.4404
78,90,5.0,2.0,0.4456,0.0
79,hold,2.0,1.0,0.4408,-0.2921
80,sorry,4.0,24.0,0.604025,-0.330354166667
81,must,34.0,6.0,0.192579411765,-0.41415
82,locked,3.0,4.0,0.337666666667,-0.3662
83,wore,3.0,1.0,0.8007,-0.296
84,1997,1.0,8.0,0.4767,-0.5780875
85,rights,3.0,12.0,0.5002,-0.675308333333
86,mo,2.0,9.0,0.0935,-0.293944444444
87,work,16.0,5.0,0.51318125,-0.5428
88,hizo,2.0,4.0,0.0935,-0.2744
89,movies,20.0,6.0,0.28869,-0.448416666667
90,locker,1.0,3003.0,0.8072,-0.801067898768
91,example,4.0,3.0,0.514475,-0.787533333333
92,DianeSawyer,1.0,1.0,0.6486,-0.4939
93,give,10.0,40.0,0.4977,-0.4362175
94,Jerry,1.0,1.0,0.8225,0.0
95,honey,2.0,1.0,0.4921,-0.3818
96,want,17.0,60.0,0.463811764706,-0.391028333333
97,keep,17.0,9.0,0.441029411765,-0.548122222222
98,looser,2.0,1.0,0.8388,-0.6057
99,Meets,4.0,1.0,0.4978,-0.902
100,end,1.0,1.0,0.4215,-0.6249
101,thing,198.0,10.0,0.686564141414,-0.57933
102,complaining,1.0,4.0,0.5983,-0.7579
103,sitting,2.0,5.0,0.36305,-0.52286
104,stupidity,2.0,1.0,0.7005,-0.4404
105,accusations,1.0,8.0,0.3182,-0.6304125
106,answer,2.0,1.0,0.2971,-0.8422
107,A,167.0,156.0,0.464890419162,-0.568864102564
108,mouths,1.0,2.0,0.3612,-0.431
109,mess,2.0,1.0,0.35105,-0.7777
110,earlier,1.0,1.0,0.2382,-0.7845
111,Will,36.0,5720.0,0.452533333333,-0.78885236014
112,wrong,2.0,17.0,0.49885,-0.595670588235
113,Creepy,53.0,8.0,0.352256603774,-0.389875
114,president,5.0,6.0,0.6369,-0.694016666667
115,lesbian,2.0,1.0,0.25,-0.5411
116,las,3.0,2.0,0.372366666667,-0.63845
117,All,3.0,13.0,0.691866666667,-0.503361538462
118,......,2.0,1.0,0.37405,0.0
119,think,42.0,46.0,0.498935714286,-0.408632608696
120,CALL,1.0,4.0,0.508,-0.6369
121,Another,3.0,7.0,0.4148,-0.452142857143
122,sont,2.0,1.0,0.6369,-0.0516
123,first,125.0,265.0,0.4857936,-0.197366792453
124,Sexual,5.0,21.0,0.567,-0.43159047619
125,wing,2.0,1.0,0.806,-0.8934
126,consent,1.0,2.0,0.8041,-0.0386
127,ó,4.0,4.0,0.485775,-0.723675
128,misconduct,3.0,2.0,0.0258,-0.6486
129,Decades,31.0,33.0,0.223780645161,-0.559833333333
130,bombing,1.0,1.0,0.5562,-0.4939
131,His,1.0,5.0,0.3612,-0.49828
132,#BerlinStation,1.0,1.0,0.5095,-0.431
133,somewhere,2.0,2.0,0.3953,-0.7906
134,Offered,4.0,118.0,0.2427,-0.766287288136
135,crew,1.0,1.0,0.4329,-0.5574
136,better,8.0,3.0,0.2959875,-0.364233333333
137,weeks,28.0,2.0,0.289546428571,-0.4755
138,Hil,4.0,6.0,0.2427,-0.389083333333
139,Him,7.0,7.0,0.508328571429,-0.588957142857
140,Bobby,1.0,2.0,0.7017,-0.25
141,safe,1.0,2.0,0.8658,-0.01935
142,break,1.0,5.0,0.8316,-0.54168
143,Delevigne,2.0,1.0,0.45905,0.0
144,Sets,13.0,14.0,0.574023076923,-0.362892857143
145,Womens,2.0,20.0,0.60185,-0.94492
146,Liberal,50.0,41.0,0.27335,-0.566863414634
147,Hats,3.0,1.0,0.8007,-0.4019
148,#nastywoman,2.0,3.0,0.8225,-0.576
149,l,1.0,3.0,0.4404,-0.863533333333
150,rocks,1.0,1.0,0.2732,-0.7762
151,Curious,3.0,1.0,0.3854,-0.6705
152,went,11.0,33.0,0.589781818182,-0.665196969697
153,side,2.0,3.0,0.4958,-0.3483
154,mean,3.0,11.0,0.639466666667,-0.452554545455
155,deo,2.0,1.0,0.7783,-0.571
156,Stars,2.0,1.0,0.2842,-0.2263
157,Feminist,3.0,5.0,0.307166666667,-0.4825
158,Wow,4.0,2.0,0.428025,-0.3308
159,crimes,2.0,8.0,0.408,-0.4019
160,naaaasty,1.0,8.0,0.3612,-0.8172
161,GOOD,2.0,2.0,0.47615,-0.6705
162,Hippocrates,2.0,1.0,0.68775,-0.7412
163,sounds,2.0,1.0,0.3612,-0.4019
164,open,5.0,5.0,0.5354,-0.62846
165,washed,20.0,2.0,0.57772,-0.21075
166,Madonna's,1.0,2.0,0.5859,-0.7622
167,is.,2.0,6.0,0.2732,-0.7794
168,got,10.0,192.0,0.43411,-0.494571875
169,Must,1.0,19.0,0.3612,-0.529078947368
170,turning,2.0,3.0,0.5794,-0.671966666667
171,you're,20.0,11.0,0.260265,-0.490654545455
172,little,11.0,11.0,0.575481818182,-0.514490909091
173,standard,1.0,2.0,0.1901,-0.54705
174,admits,6.0,2.0,0.178183333333,-0.5237
175,N.Y.,1.0,4.0,0.5106,-0.5423
176,W,3.0,12.0,0.3448,-0.3293
177,wanted,6.0,5.0,0.3916,-0.34178
178,BTW,3.0,1.0,0.5555,-0.4767
179,Clinton,54.0,53.0,0.563040740741,-0.586198113208
180,exposing,1.0,47.0,0.3815,-0.5106
181,Hinted,2.0,1.0,0.8708,-0.476
182,Photo,2.0,2.0,0.25985,-0.6361
183,days,7.0,2.0,0.576328571429,-0.4694
184,Human,1.0,2.0,0.4215,0.0
185,diggers,1.0,1.0,0.4374,-0.7633
186,loud,4.0,3.0,0.406425,-0.198
187,already,9.0,2.0,0.385822222222,-0.5489
188,rant,1.0,43.0,0.443,-0.781955813953
189,Handler,3.0,3.0,0.643233333333,-0.389566666667
190,another,16.0,15.0,0.4596375,-0.66412
191,service,1.0,5.0,0.3485,-0.5267
192,top,1.0,2.0,0.2023,-0.371
193,≠,35.0,36.0,0.51708,-0.124736111111
194,needed,1.0,1.0,0.2111,-0.4939
195,hollywood,2.0,4.0,0.45505,-0.4797
196,bitter,1.0,39.0,0.0258,-0.417261538462
197,listen,1.0,3.0,0.3182,-0.684966666667
198,serve,1.0,2.0,0.4767,-0.9274
199,took,8.0,18.0,0.5081,-0.458177777778
200,.com,19.0,73.0,0.362615789474,-0.503628767123
201,roles,3.0,4.0,0.433666666667,-0.4796
202,scenes,16.0,1.0,0.2263,-0.7506
203,Sex,36.0,215.0,0.235552777778,-0.643455813953
204,shower,6.0,3.0,0.36325,-0.477566666667
205,matter,2.0,1.0,0.0258,-0.2225
206,See,1.0,2.0,0.4404,-0.1366
207,friend,13.0,2.0,0.504446153846,-0.3448
208,AFTAL,2.0,1.0,0.25985,-0.7003
209,Ç,6.0,2.0,0.565466666667,-0.58515
210,mind,1.0,9.0,0.4374,-0.4533
211,mine,1.0,1.0,0.9769,-0.9428
212,talking,12.0,16.0,0.402316666667,-0.5899875
213,rap,2.0,1.0,0.27155,-0.4767
214,seen,7.0,4.0,0.495457142857,-0.650625
215,seem,3.0,5.0,0.5267,-0.42338
216,Then,2.0,6.0,0.71445,-0.9011
217,Christian,1.0,1.0,0.8299,0.0
218,Oscars,3.0,3.0,0.604966666667,-0.357466666667
219,NEVER,1.0,15.0,0.2415,-0.0556466666667
220,Let's,6.0,2.0,0.371116666667,-0.63
221,They,27.0,104.0,0.521822222222,-0.823483653846
222,Ask,5.0,48.0,0.57716,-0.429647916667
223,Ash,1.0,2.0,0.3382,-0.4934
224,blue,1.0,8.0,0.6115,-0.4215
225,¬,126.0,18.0,0.506395238095,-0.538144444444
226,though,7.0,3.0,0.332585714286,-0.753833333333
227,enablers,5.0,2.0,0.50822,-0.5788
228,mouth,29.0,22.0,0.430917241379,-0.5138
229,dog,1.0,2.0,0.7003,-0.4111
230,#Twitter,1.0,1.0,0.5574,-0.321
231,reputation,2.0,1.0,0.3094,-0.6705
232,scream,1.0,1.0,0.5393,-0.8324
233,came,12.0,25.0,0.5947,-0.18492
234,saying,22.0,85.0,0.246036363636,-0.870255294118
235,Colbert,4.0,1.0,0.3382,-0.2942
236,sexism,1.0,1.0,0.7003,-0.3818
237,touches,3.0,1.0,0.399333333333,-0.5423
238,busy,2.0,1.0,0.35495,-0.5
239,Big,3.0,3.0,0.4807,-0.1341
240,explain,2.0,4.0,0.3988,-0.396075
241,#MeToo,2.0,4.0,0.8442,-0.351775
242,touched,1.0,2.0,0.4374,-0.5771
243,Others,1.0,4.0,0.4621,-0.5423
244,wearing,9.0,5752.0,0.356844444444,-0.787746123088
245,√,93.0,171.0,0.463703225806,-0.429458479532
246,McGowan,91.0,29.0,0.439936263736,-0.532237931034
247,watch,14.0,27.0,0.468335714286,-0.538
248,da,1.0,5.0,0.8225,-0.39128
249,report,4.0,21.0,0.34,-0.767104761905
250,15,4.0,5.0,0.46945,-0.46188
251,nasty,57.0,495.0,0.214449122807,-0.734154141414
252,WHERE,2.0,1.0,0.4926,-0.8556
253,Honored,12.0,10.0,0.7783,0.0
254,Moore,10.0,5702.0,0.46603,-0.79016613469
255,Over,2.0,2.0,0.44415,-0.6309
256,Washington,2.0,8.0,0.39565,-0.5430125
257,bad,6.0,19.0,0.191083333333,-0.524242105263
258,human,2.0,1.0,0.3612,-0.4767
259,fair,1.0,5.0,0.0258,-0.0997
260,nut,2.0,3.0,0.58345,-0.5394
261,Schumer,2.0,595.0,0.5859,-0.611467394958
262,ò,67.0,41.0,0.252870149254,-0.500790243902
263,John,3.0,1.0,0.596033333333,-0.128
264,said,84.0,513.0,0.318475,-0.226904093567
265,inappropriate,5.0,3.0,0.4019,-0.6369
266,away,7.0,12.0,0.373685714286,-0.511616666667
267,BUT,2.0,7.0,0.5182,-0.4501
268,future,145.0,1.0,0.4486,-0.0516
269,men,8.0,11.0,0.573475,-0.572763636364
270,wear,1.0,7.0,0.2023,-0.670242857143
271,news,6.0,12.0,0.511883333333,-0.66095
272,protect,8.0,1.0,0.4869125,-0.34
273,fault,1.0,3.0,0.5859,-0.585366666667
274,ill,1.0,3.0,0.5204,-0.513233333333
275,Autographed,2.0,1.0,0.25985,-0.7003
276,hypocrites,1.0,8.0,0.4515,-0.3512875
277,com,1.0,1.0,0.4404,0.0
278,asked,3.0,13.0,0.5361,-0.7096
279,tough,3.0,2.0,0.256933333333,-0.128
280,ô,436.0,417.0,0.411033715596,-0.556142446043
281,Sorry,4.0,2.0,0.465725,-0.40995
282,speak,59.0,5713.0,0.48736440678,-0.790090197795
283,utm_campaign,4.0,14.0,0.6512,-0.447371428571
284,I've,1.0,6.0,0.3182,-0.417866666667
285,Waters,1.0,2.0,0.8316,-0.2787
286,Hillary,89.0,40.0,0.42061011236,-0.374705
287,much,10.0,22.0,0.56784,-0.489577272727
288,Donald,2.0,4.0,0.39185,-0.8552
289,life,2.0,5.0,0.4008,-0.46648
290,CC,1.0,1.0,0.7184,-0.4767
291,child,2.0,29.0,0.4648,-0.604365517241
292,Claims,1.0,5.0,0.5696,-0.54732
293,worked,4.0,3.0,0.280525,-0.257566666667
294,Can't,3.0,4.0,0.598333333333,-0.348025
295,Accuses,2.0,2.0,0.5994,-0.5248
296,Accuser,2.0,4.0,0.34,-0.5106
297,publicly,43.0,6.0,0.5574,-0.6166
298,air,2.0,11.0,0.128,-0.622754545455
299,Escaped,4.0,5.0,0.478575,-0.532
300,cui,2.0,1.0,0.4215,-0.128
301,voice,10.0,9.0,0.63826,-0.483977777778
302,cont,2.0,3.0,0.0935,-0.2672
303,...,147.0,1174.0,0.408889795918,-0.441589182283
304,LOL,2.0,2.0,0.69225,-0.7579
305,shame,4.0,6.0,0.274,-0.604033333333
306,madonna,3.0,4.0,0.6919,-0.389525
307,confirmed,1.0,1.0,0.7506,-0.5423
308,things,31.0,2.0,0.329025806452,-0.5986
309,make,5.0,12.0,0.61182,-0.448458333333
310,Stop,1.0,2.0,0.7203,-0.39495
311,Of,6.0,25.0,0.500633333333,-0.593992
312,President,11.0,2997.0,0.3355,-0.7991328662
313,several,2.0,1.0,0.33255,-0.34
314,Maybe,5.0,7.0,0.60934,-0.431642857143
315,published,1.0,2.0,0.296,-0.4404
316,hand,15.0,2.0,0.325706666667,-0.14605
317,marched,2.0,4.0,0.4135,-0.37755
318,mentions,3.0,3.0,0.642433333333,-0.6327
319,Y,5.0,3.0,0.60654,-0.676066666667
320,opportunity,2.0,2.0,0.7845,-0.2023
321,hacer,1.0,2.0,0.3818,-0.5461
322,kept,17.0,28.0,0.230735294118,-0.552614285714
323,McConnell,3.0,2.0,0.569833333333,-0.4333
324,tho,1.0,2.0,0.1901,-0.7269
325,mother,5.0,3.0,0.5267,-0.2336
326,claims,2.0,1164.0,0.21385,-0.505875687285
327,left,5.0,18.0,0.53154,-0.498288888889
328,Sarah,2.0,1.0,0.1779,-0.8452
329,Griffin,13.0,8.0,0.330607692308,-0.345675
330,she'll,2.0,1.0,0.50445,0.0
331,Thank,30.0,3.0,0.37364,-0.3992
332,photo,1.0,6.0,0.5719,-0.5423
333,MOVE,4.0,1.0,0.5358,-0.298
334,victim,7.0,38.0,0.487271428571,-0.388855263158
335,Surprise,26.0,2.0,0.3257,-0.1379
336,yet,10.0,14.0,0.57755,-0.664685714286
337,han,1.0,17.0,0.2023,-0.718370588235
338,Oscar,36.0,68.0,0.395613888889,-0.336910294118
339,character,4.0,7.0,0.4454,-0.885314285714
340,Ø,3.0,3.0,0.307566666667,-0.6314
341,hag,1.0,1.0,0.3182,-0.2023
342,n,7.0,25.0,0.580871428571,-0.483264
343,easy,2.0,1.0,0.5923,0.0
344,News,9.0,36.0,0.481111111111,-0.539608333333
345,save,3.0,5.0,0.510666666667,-0.7184
346,hat,8.0,81.0,0.3967875,-0.533595061728
347,trashed,48.0,3.0,0.4486,-0.587366666667
348,photographed,2.0,1.0,0.5792,-0.128
349,actresses,13.0,13.0,0.519969230769,-0.673153846154
350,casting,4.0,5.0,0.361225,-0.61522
351,James,1.0,1.0,0.3612,-0.7845
352,breaks,1.0,1.0,0.7982,-0.3241
353,possible,1.0,8.0,0.6369,-0.4152
354,shoulder,2.0,7.0,0.35105,-0.8016
355,Trump,56.0,3153.0,0.482560714286,-0.788369711386
356,nude,16.0,2.0,0.2263,-0.4467
357,Are,1.0,5698.0,0.594,-0.790485837136
358,night,1.0,1.0,0.836,-0.5423
359,Taunting,4.0,8.0,0.2427,-0.389875
360,Warren,1.0,1.0,0.8225,-0.34
361,www,7.0,7.0,0.340857142857,-0.534785714286
362,right,209.0,26.0,0.664428229665,-0.482423076923
363,old,7.0,8.0,0.6463,-0.570275
364,crowd,1.0,2.0,0.5106,-0.47755
365,people,68.0,39.0,0.492344117647,-0.552356410256
366,HW,9.0,7.0,0.515611111111,-0.567885714286
367,Berlin,3.0,9.0,0.593533333333,-0.493311111111
368,born,3.0,2.0,0.547133333333,-0.39615
369,escape,4.0,3.0,0.1779,-0.281
370,harassment,20.0,69.0,0.344725,-0.494450724638
371,HD,3.0,1.0,0.754566666667,-0.571
372,Lea,1.0,1.0,0.4574,-0.902
373,ich,1.0,1.0,0.5994,-0.5994
374,outspoken,1.0,1.0,0.2732,-0.2263
375,comments,2.0,7.0,0.55075,-0.691528571429
376,everything,1.0,4.0,0.3224,-0.1737
377,uma,1.0,1.0,0.4019,-0.296
378,denied,2.0,34.0,0.4625,-0.677732352941
379,Chris,1.0,1.0,0.0258,-0.5574
380,Ha,3.0,1.0,0.713233333333,-0.7777
381,He,25.0,75.0,0.45996,-0.621737333333
382,#Hypocrite,1.0,4.0,0.7906,-0.8243
383,Didn,7.0,1.0,0.296,-0.6476
384,ƒ,13.0,22.0,0.721592307692,-0.464159090909
385,Calls,1.0,12.0,0.3182,-0.513033333333
386,Daily,1.0,6.0,0.5267,-0.622966666667
387,post,5.0,4.0,0.48262,-0.45595
388,Think,193.0,6.0,0.687663212435,-0.417616666667
389,First,38.0,30.0,0.533778947368,-0.386353333333
390,attacks,1.0,4.0,0.0516,-0.75755
391,months,3.0,3.0,0.3313,-0.292466666667
392,suspended,7.0,1.0,0.4215,-0.4767
393,match,1.0,1.0,0.7125,-0.2363
394,nerve,1.0,2.0,0.5229,-0.33125
395,Ö,1.0,8.0,0.7783,-0.4111
396,Meryl,13.0,68.0,0.610669230769,-0.533802941176
397,utm_id,4.0,14.0,0.6512,-0.447371428571
398,ppl,3.0,13.0,0.337166666667,-0.537338461538
399,donated,1.0,2.0,0.4588,-0.40765
400,deal,14.0,50.0,0.426778571429,-0.730098
401,support,13.0,6.0,0.574484615385,-0.426983333333
402,constantly,1.0,6.0,0.7269,-0.6562
403,raped,3.0,4147.0,0.4875,-0.719444924041
404,#harveyweinstein,1.0,2.0,0.4574,-0.4939
405,way,62.0,31.0,0.449067741935,-0.592787096774
406,WEISTEIN,1.0,1.0,0.2415,-0.8506
407,happy,2.0,1.0,0.8771,-0.4585
408,head,6.0,4.0,0.5568,-0.680075
409,≈,10.0,12.0,0.71644,-0.468225
410,offering,3.0,15.0,0.5164,0.0
411,offer,1.0,1.0,0.128,-0.2263
412,January,1.0,1.0,0.1719,-0.743
413,GMA,4.0,4.0,0.796975,-0.286525
414,deny,1.0,2.0,0.2003,-0.7717
415,Hilary,4.0,5.0,0.444575,-0.2732
416,taken,1.0,1.0,0.0772,-0.2263
417,heat,1.0,1.0,0.5411,-0.875
418,hear,29.0,9.0,0.345824137931,-0.569144444444
419,Hypocrites,1.0,7.0,0.3182,-0.406442857143
420,true,29.0,8.0,0.48284137931,-0.4224625
421,Left,6.0,1.0,0.3322,-0.4019
422,Golden,2.0,1.0,0.4753,-0.6331
423,Arquette,12.0,1.0,0.498316666667,-0.296
424,faking,1.0,1.0,0.7203,-0.5267
425,proud,4.0,3.0,0.5022,-0.4873
426,proved,3.0,1.0,0.440333333333,-0.6597
427,Variety,1.0,1.0,0.1825,-0.296
428,upset,1.0,3.0,0.0516,-0.426566666667
429,sometime,1.0,1.0,0.7125,-0.4574
430,believable,1.0,3.0,0.0258,-0.473366666667
431,check,1.0,3.0,0.7499,-0.491833333333
432,shit,2.0,35.0,0.3537,-0.683097142857
433,protested,1.0,81.0,0.1531,-0.152485185185
434,na,2.0,3.0,0.4893,-0.792733333333
435,ne,4.0,1.0,0.6369,-0.0516
436,reality,2.0,1.0,0.64945,-0.5423
437,til,2.0,2.0,0.128,-0.2732
438,role,5.0,6.0,0.55634,-0.693016666667
439,complicit,3.0,5.0,0.348433333333,-0.5716
440,roll,1.0,1.0,0.0966,-0.0552
441,molested,1.0,3.0,0.1779,-0.383333333333
442,Double,1.0,52.0,0.1901,-0.395976923077
443,felt,3.0,2.0,0.7003,-0.80265
444,Behar,3.0,1.0,0.581566666667,-0.5106
445,hurt,8.0,16.0,0.6759875,-0.4040625
446,happening,1.0,1.0,0.25,0.0
447,together,6.0,2.0,0.5251,-0.05135
448,time,38.0,28.0,0.643928947368,-0.506817857143
449,stick,1.0,3.0,0.4215,-0.484833333333
450,Safe,1.0,1.0,0.2003,0.0
451,managed,1.0,1.0,0.5374,-0.658
452,õ,2.0,1.0,0.7783,-0.6436
453,Gets,32.0,15.0,0.327275,-0.429073333333
454,praises,8.0,2.0,0.45985,-0.2138
455,Exactly,1.0,17.0,0.2263,-0.709364705882
456,disgusting,1.0,14.0,0.7203,-0.715664285714
457,charge,1.0,1.0,0.4588,-0.8074
458,circumstances,1.0,1.0,0.3224,-0.0772
459,FULL,2.0,3.0,0.50505,-0.562966666667
460,allegations,62.0,110.0,0.394019354839,-0.189642727273
461,keeping,3.0,27.0,0.441066666667,-0.0866666666667
462,os.,4.0,1.0,0.34,-0.695
463,join,2.0,1.0,0.7008,-0.5267
464,blast,1.0,1.0,0.7463,0.0
465,Where,52.0,73.0,0.397865384615,-0.552087671233
466,room,6.0,3016.0,0.389833333333,-0.799244761273
467,Just,15.0,19.0,0.475093333333,-0.382684210526
468,level,2.0,5.0,0.34,-0.42146
469,WILL,1.0,1.0,0.7125,-0.6523
470,guy,75.0,17.0,0.843696,-0.670147058824
471,Kevin,1.0,5.0,0.4595,-0.1116
472,talked,48.0,5.0,0.4486,-0.66274
473,says,16.0,35.0,0.364775,-0.606797142857
474,sign,7.0,5.0,0.583314285714,-0.60324
475,Jane,40.0,28.0,0.455175,-0.379775
476,Rice,3.0,586.0,0.4588,-0.6166
477,goes,2.0,4.0,0.7087,-0.338725
478,del,4.0,29.0,0.171325,-0.688203448276
479,Along,2.0,2.0,0.5859,-0.5017
480,True,2.0,13.0,0.541,-0.128
481,Me,5.0,8.0,0.56552,-0.631
482,...not,6.0,1.0,0.25,-0.453
483,Signed,2.0,1.0,0.25985,-0.7003
484,address,1.0,1.0,0.5766,-0.7405
485,Shocking,14.0,79.0,0.6597,-0.783124050633
486,Times,9.0,11.0,0.496755555556,-0.497090909091
487,My,6.0,58.0,0.54635,-0.517139655172
488,Alyssa,11.0,595.0,0.445727272727,-0.615536302521
489,change,1.0,12.0,0.8256,-0.50475
490,wait,8.0,8.0,0.3834125,-0.5561
491,ME,1.0,17.0,0.6739,-0.453547058824
492,Deal,7.0,10.0,0.320942857143,-0.52615
493,brilliant,3.0,2.0,0.660133333333,-0.3454
494,Dear,3.0,2.0,0.794833333333,-0.56035
495,Baldwin,4.0,2.0,0.4904,-0.77975
496,massage,2.0,1.0,0.56405,-0.7269
497,love,106.0,4.0,0.7943,-0.378725
498,morals,1.0,2.0,0.6369,-0.3348
499,It's,2.0,21.0,0.5029,-0.60220952381
500,When,4.0,5718.0,0.493825,-0.789918957678
501,sincerely,15.0,1.0,0.3182,-0.1027
502,1st,10.0,9.0,0.49842,-0.580055555556
503,everybody,1.0,2.0,0.4621,-0.6493
504,916754287828627461,1.0,1.0,0.5574,-0.6037
505,working,1.0,3.0,0.6983,-0.3087
506,dude,1.0,1.0,0.6369,-0.5859
507,≥,16.0,40.0,0.42010625,-0.4056625
508,#pussyhat,1.0,1.0,0.316,-0.6705
509,±,9.0,20.0,0.586311111111,-0.37449
510,live,3.0,8.0,0.7329,-0.7118625
511,prey,1.0,1.0,0.8585,-0.8225
512,perv,2.0,4.0,0.63255,-0.476325
513,wondering,1.0,2.0,0.4939,-0.5074
514,memory,4.0,1.0,0.682675,-0.296
515,films,6.0,1.0,0.488266666667,-0.75
516,Those,5.0,7.0,0.68136,-0.584571428571
517,Ben,11.0,1.0,0.0735,0.0
518,F,2.0,3.0,0.6996,-0.3089
519,These,21.0,7.0,0.41660952381,-0.737571428571
520,outrage,1.0,18.0,0.7203,-0.669005555556
521,everywhere,1.0,16.0,0.4588,-0.3094125
522,Hayek,1.0,2.0,0.25,-0.55605
523,ThePatriot,1.0,1.0,0.765,-0.4019
524,Bet,1.0,2.0,0.8439,-0.1909
525,deserved,1.0,1.0,0.4621,-0.5106
526,soul,1.0,3.0,0.4767,-0.384866666667
527,judd,39.0,56.0,0.433230769231,-0.509835714286
528,Down,1.0,4.0,0.1531,-0.551225
529,making,3.0,7.0,0.3616,-0.564371428571
530,Out,11.0,11.0,0.574809090909,-0.164072727273
531,claim,2.0,4.0,0.3536,-0.13615
532,Heather,4.0,1.0,0.5248,-0.6369
533,trump,4.0,8.0,0.631525,-0.5640375
534,figure,3.0,1.0,0.367833333333,-0.2263
535,Ü,1.0,6.0,0.0772,-0.47875
536,Media,78.0,20.0,0.759996153846,-0.1993
537,didn't,224.0,36.0,0.663002678571,-0.4614
538,confused,1.0,1.0,0.3328,-0.8422
539,agent,2.0,1.0,0.2878,-0.4019
540,#GMA,1.0,1.0,0.8585,-0.1779
541,heard,7.0,4.0,0.512557142857,-0.582125
542,performed,1.0,2.0,0.25,-0.61395
543,allowed,2.0,8.0,0.5859,-0.596375
544,Damon,3.0,2.0,0.675966666667,-0.4791
545,YOUR,2.0,5.0,0.6531,-0.54014
546,Happened,3.0,1.0,0.5307,-0.7103
547,pink,44.0,15.0,0.5907,-0.655566666667
548,Who,18.0,17.0,0.367794444444,-0.475476470588
549,1,31.0,12.0,0.303741935484,-0.57005
550,till,2.0,1.0,0.5106,0.0
551,s.,5.0,3.0,0.67576,-0.2941
552,speaks,5.0,9.0,0.4315,-0.506455555556
553,Why,66.0,30.0,0.436712121212,-0.50301
554,Looks,2.0,2.0,0.3829,-0.2023
555,mas,1.0,3.0,0.4019,-0.6616
556,143,1.0,1.0,0.765,-0.4019
557,may,3.0,4.0,0.4025,-0.44635
558,disgusted,1.0,1.0,0.3815,-0.8268
559,mad,1.0,1.0,0.4374,-0.431
560,mag,5.0,1.0,0.55566,-0.0516
561,on...,2.0,1.0,0.42415,-0.34
562,guys,13.0,3.0,0.501515384615,-0.2519
563,man,8.0,23.0,0.450975,-0.542547826087
564,remember,6.0,11.0,0.486383333333,-0.410345454545
565,maybe,9.0,5.0,0.427833333333,-0.51682
566,si,1.0,1.0,0.7906,-0.5267
567,jail,1.0,4.0,0.4199,-0.41695
568,talk,6.0,3011.0,0.424483333333,-0.800309730986
569,cute,2.0,1.0,0.1941,-0.636
570,Affleck,11.0,1.0,0.0735,0.0
571,á,1.0,8.0,0.3612,-0.47995
572,years,422.0,1211.0,0.548089099526,-0.501220561519
573,brain,2.0,1.0,0.6798,0.0
574,kimmel,1.0,1.0,0.4019,-0.2942
575,Covered,31.0,20.0,0.223780645161,-0.608805
576,White,3.0,2.0,0.4684,-0.5836
577,still,13.0,6.0,0.474115384615,-0.710433333333
578,blocked,6.0,52.0,0.4144,-0.2732
579,RT,2.0,11.0,0.4211,-0.547972727273
580,group,1.0,2.0,0.3612,-0.59115
581,thank,6.0,1.0,0.5593,-0.5106
582,he's,3.0,5.0,0.213133333333,-0.44176
583,interesting,7.0,1.0,0.492928571429,0.0
584,Wesley,3.0,1.0,0.574166666667,-0.4215
585,World,1.0,1.0,0.6369,-0.902
586,main,1.0,1.0,0.0772,-0.8567
587,decades,31.0,291.0,0.403119354839,-0.316778350515
588,Make,5.0,49.0,0.41158,-0.444771428571
589,Wait,1.0,3.0,0.2023,-0.611833333333
590,3,2.0,4.0,0.59935,-0.5197
591,interview,90.0,152.0,0.398322222222,-0.239396052632
592,She,138.0,146.0,0.414803623188,-0.491738356164
593,half,1.0,2.0,0.6369,-0.8074
594,son,1.0,1.0,0.4559,-0.8567
595,HRC,1.0,11.0,0.3612,-0.715745454545
596,Vogue,2.0,7.0,0.6128,-0.364285714286
597,name,14.0,11.0,0.472907142857,-0.5573
598,x10,2.0,1.0,0.25985,-0.7003
599,el,10.0,3.0,0.41838,-0.6534
600,en,4.0,12.0,0.466325,-0.355466666667
601,eh,1.0,1.0,0.8072,-0.8689
602,Dude,1.0,1.0,0.4215,0.0
603,Except,1.0,1.0,0.5972,-0.5574
604,Live,28.0,20.0,0.328135714286,-0.444135
605,preaching,1.0,1.0,0.3612,-0.6476
606,sexually,15.0,44.0,0.3121,-0.651852272727
607,eu,1.0,1.0,0.7906,-0.743
608,girl,3.0,5.0,0.2782,-0.46978
609,ú,105.0,45.0,0.719976190476,-0.388682222222
610,es,1.0,6.0,0.2023,-0.426366666667
611,Elizabeth,1.0,1.0,0.8225,-0.6037
612,profit,1.0,1.0,0.776,-0.5
613,Joy,4.0,3.0,0.58265,-0.512633333333
614,pedophile,2.0,2.0,0.8225,-0.9528
615,looking,2.0,8.0,0.29915,-0.4629
616,Joe,5.0,12.0,0.35866,-0.471916666667
617,Jon,1.0,1.0,0.2732,-0.4767
618,shows,1.0,8.0,0.7463,-0.6822625
619,THANK,3.0,1.0,0.5859,-0.8506
620,Rights,25.0,18.0,0.324944,-0.484988888889
621,million,17.0,2.0,0.230294117647,-0.55165
622,quite,4.0,1.0,0.313925,-0.4939
623,prostituted,1.0,35.0,0.34,-0.246094285714
624,Isn't,3.0,6.0,0.641566666667,-0.6574
625,care,10.0,2.0,0.67751,-0.69225
626,language,2.0,3.0,0.64015,-0.3406
627,turn,3.0,3.0,0.440966666667,-0.307166666667
628,place,8.0,5.0,0.44275,-0.5282
629,Eric,1.0,1.0,0.4404,-0.5983
630,waited,53.0,1132.0,0.465224528302,-0.5023
631,Speak,7.0,10.0,0.6708,-0.12625
632,Even,1.0,3.0,0.6369,-0.599033333333
633,initial,3.0,3.0,0.2263,-0.350033333333
634,spoken,4.0,8.0,0.366175,-0.389625
635,Asia,21.0,2.0,0.549280952381,-0.3921
636,mucho,1.0,2.0,0.3612,-0.1829
637,#BoycottHollywood,1.0,1.0,0.0644,-0.9169
638,directly,2.0,1.0,0.3365,-0.3182
639,Hollywood,37.0,5995.0,0.478586486486,-0.789326889074
640,drove,1.0,1.0,0.6369,-0.0772
641,ù,32.0,46.0,0.42144375,-0.399293478261
642,tomorrow,1.0,1.0,0.296,-0.1779
643,millions,3.0,3.0,0.324566666667,-0.3094
644,given,1.0,1.0,0.6369,0.0
645,silent,16.0,32.0,0.200525,-0.487028125
646,slept,19.0,2.0,0.261373684211,-0.5859
647,TOMORROW,43.0,2.0,0.3122,-0.2263
648,anyone,13.0,14.0,0.529461538462,-0.557821428571
649,Hmm,1.0,4.0,0.2144,-0.2752
650,2,33.0,90.0,0.476136363636,-0.465295555556
651,Such,1.0,2.0,0.296,-0.5414
652,white,1.0,5.0,0.8271,-0.4906
653,speaking,38.0,5.0,0.652407894737,-0.48682
654,gives,10.0,11.0,0.46879,-0.4946
655,eyes,1.0,1.0,0.4939,-0.5267
656,on.,3.0,1.0,0.475,-0.3818
657,huh,2.0,1.0,0.2523,-0.8053
658,broadcast,40.0,1.0,0.61087,-0.5096
659,NBC,2.0,1.0,0.5662,-0.5106
660,hillary,2.0,1.0,0.34,-0.9011
661,Miley,2.0,4.0,0.61675,-0.47855
662,11,11.0,1.0,0.4609,-0.8197
663,10,6.0,27.0,0.539783333333,-0.606251851852
664,13,2.0,1.0,0.4648,-0.7777
665,12,4.0,3.0,0.52985,-0.6478
666,Love,10.0,1.0,0.54372,0.0
667,14,4.0,1.0,0.32135,-0.5984
668,17,2.0,587.0,0.4648,-0.61609165247
669,18,4.0,586.0,0.533375,-0.6166
670,protected,3.0,7.0,0.401333333333,-0.3513
671,LISA,2.0,1.0,0.5008,-0.628
672,#nastywomen,1.0,1.0,0.3182,-0.5612
673,DO,2.0,1.0,0.54765,-0.5423
674,He's,4.0,6.0,0.428225,-0.4049
675,turned,4.0,3.0,0.537475,-0.178466666667
676,DC,3.0,3.0,0.651966666667,-0.6399
677,sad,8.0,7.0,0.6824,-0.720514285714
678,say,98.0,54.0,0.783085714286,-0.644809259259
679,Trash,4.0,15.0,0.4604,-0.296
680,saw,3.0,9.0,0.1681,-0.367788888889
681,BOTH,5.0,4.0,0.4019,-0.585
682,bashing,5.0,1.0,0.47852,-0.3818
683,take,19.0,11.0,0.412878947368,-0.501781818182
684,begin,2.0,3.0,0.128,-0.0772
685,sure,25.0,19.0,0.513468,-0.352010526316
686,multiple,16.0,3.0,0.2263,-0.5707
687,knew,89.0,33.0,0.383237078652,-0.487057575758
688,paid,4.0,5.0,0.495025,-0.5815
689,falls,6.0,1.0,0.765,-0.2481
690,assault,2.0,12.0,0.5994,-0.361758333333
691,sheets,2.0,7.0,0.47905,-0.453628571429
692,Cher,13.0,595.0,0.4665,-0.61693394958
693,especially,1.0,2.0,0.3182,-0.8323
694,considered,1.0,1.0,0.34,-0.7269
695,later,7.0,38.0,0.468128571429,-0.439144736842
696,Allegations,2.0,22.0,0.6486,-0.550227272727
697,Fuck,1.0,1.0,0.3182,-0.25
698,shot,2.0,1.0,0.4753,-0.7506
699,show,9.0,20.0,0.538933333333,-0.5477
700,Once,1.0,2.0,0.7125,-0.6486
701,cheap,2.0,3.0,0.5574,-0.6433
702,Stephen,5.0,1.0,0.30118,-0.2942
703,pedophiles,1.0,2.0,0.0772,-0.55195
704,Wants,35.0,18.0,0.330148571429,-0.477955555556
705,We,40.0,18.0,0.45446,-0.535094444444
706,Woman,7.0,63.0,0.4656,-0.747068253968
707,dick,1.0,1.0,0.2177,-0.5106
708,behind,3.0,3.0,0.3755,-0.498566666667
709,crime,4.0,3.0,0.143575,-0.5368
710,tears,2.0,4.0,0.4648,-0.5604
711,going,42.0,115.0,0.416238095238,-0.201306956522
712,black,4.0,3.0,0.0258,-0.393366666667
713,Telling,1.0,1.0,0.3182,-0.25
714,God-Inspired,14.0,3.0,0.6597,-0.267933333333
715,watching,5.0,17.0,0.54338,-0.337547058824
716,...so,145.0,2.0,0.4486,-0.58135
717,get,42.0,151.0,0.577502380952,-0.198905960265
718,H,1.0,2.0,0.3612,-0.7083
719,HAD,2.0,17.0,0.61755,-0.368482352941
720,truly,3.0,3.0,0.344533333333,-0.461933333333
721,HAS,1.0,2.0,0.508,-0.66695
722,Right,3.0,7.0,0.5549,-0.509614285714
723,W.,12.0,4.0,0.562175,-0.2005
724,AFTER,5.0,2.0,0.7796,-0.6096
725,stupid,4.0,4.0,0.7005,-0.50595
726,could've,2.0,1.0,0.331,-0.1263
727,bought,1.0,2.0,0.1027,-0.76355
728,learn,2.0,1.0,0.2524,-0.4939
729,Stood,3.0,5.0,0.709933333333,-0.10846
730,Lupita,6.0,51.0,0.223633333333,-0.405823529412
731,wonder,4.0,23.0,0.5294,-0.667743478261
732,That,10.0,35.0,0.47084,-0.49754
733,ways,3.0,1.0,0.2023,-0.5859
734,enough,4.0,7.0,0.722425,-0.601228571429
735,jobs,1.0,4.0,0.4019,-0.41795
736,FOR,10.0,15.0,0.39687,-0.425086666667
737,Woman's,9.0,6.0,0.6408,-0.629733333333
738,blame,19.0,11.0,0.320684210526,-0.481954545455
739,como,7.0,4.0,0.306857142857,-0.338675
740,hurts,1.0,1.0,0.4149,-0.7202
741,article,5.0,4.0,0.61998,-0.57165
742,come,31.0,159.0,0.504732258065,-0.519927044025
743,Accusers,2.0,1.0,0.4588,-0.8271
744,talented,10.0,1.0,0.82767,-0.6313
745,Give,26.0,7.0,0.5108,-0.526914285714
746,many,24.0,52.0,0.544004166667,-0.465638461538
747,hypocrisy,2.0,23.0,0.51695,-0.293230434783
748,according,2.0,1.0,0.50015,-0.8934
749,flipped,1.0,1.0,0.296,-0.5838
750,can't,6.0,27.0,0.582316666667,-0.684362962963
751,among,2.0,1.0,0.7877,-0.7506
752,Guess,1.0,1.0,0.1719,-0.8689
753,â,1.0,1.0,0.3182,-0.2225
754,Decision,7.0,8.0,0.6708,-0.0838125
755,por,5.0,6.0,0.35878,-0.50755
756,period,4.0,5.0,0.52275,-0.13194
757,liberal,16.0,16.0,0.51223125,-0.3864125
758,#metoo,5.0,2.0,0.32218,-0.4345
759,custody,1.0,2.0,0.5267,-0.631
760,#utm_medium,4.0,14.0,0.6512,-0.447371428571
761,cares,4.0,2.0,0.42295,-0.2631
762,But,15.0,38.0,0.33952,-0.529913157895
763,cared,7.0,2.0,0.639714285714,-0.1596
764,wants,5.0,11.0,0.52864,-0.455654545455
765,offered,6.0,21.0,0.581966666667,-0.503723809524
766,irrelevant,1.0,2.0,0.4019,-0.35
767,former,1.0,1.0,0.1779,-0.926
768,countless,25.0,168.0,0.3612,-0.47263452381
769,sound,1.0,3.0,0.3291,-0.351233333333
770,cast,1.0,5.0,0.5095,-0.55192
771,cancelled,2.0,1.0,0.5949,-0.3254
772,Lauren,18.0,2.0,0.3656,-0.48325
773,HERSELF,1.0,1.0,0.2023,-0.858
774,taking,2.0,5.0,0.4939,-0.52318
775,it.,16.0,181.0,0.6372875,-0.465441436464
776,quiet,9.0,2995.0,0.466133333333,-0.798756494157
777,Better,2.0,1.0,0.0258,0.0
778,bias,1.0,2.0,0.5448,-0.5237
779,rally,4.0,4.0,0.481625,-0.561375
780,POTUS,9.0,64.0,0.436988888889,-0.531684375
781,fame,26.0,39.0,0.416376923077,-0.252492307692
782,different,5.0,1.0,0.41474,-0.347
783,pas,4.0,1.0,0.6369,-0.0516
784,Complete,1.0,1.0,0.296,-0.8271
785,pay,1.0,2.0,0.34,-0.415
786,speech,13.0,11.0,0.464292307692,-0.626536363636
787,pal,1.0,1.0,0.3612,-0.802
788,status,17.0,75.0,0.3241,-0.508509333333
789,I,646.0,454.0,0.535651393189,-0.556593612335
790,IS,57.0,19.0,0.379098245614,-0.474531578947
791,IT,1.0,3.0,0.296,-0.715666666667
792,L,5.0,4.0,0.4014,-0.719625
793,totally,5.0,1.0,0.56682,-0.7241
794,mentally,4.0,3.0,0.42955,-0.446266666667
795,complained,2.0,101.0,0.37335,-0.0516
796,Says,1.0,3.0,0.1779,-0.5696
797,Is,12.0,47.0,0.38925,-0.512934042553
798,#NastyWoman,3.0,1.0,0.308233333333,-0.25
799,It,17.0,15.0,0.620641176471,-0.528653333333
800,without,5.0,10.0,0.30744,-0.40412
801,Im,1.0,1.0,0.7184,-0.1007
802,comes,149.0,2.0,0.443569798658,-0.73065
803,In,57.0,34.0,0.369156140351,-0.488791176471
804,If,25.0,14.0,0.476944,-0.462092857143
805,You're,4.0,5.0,0.10645,-0.33172
806,money,12.0,13.0,0.490816666667,-0.629476923077
807,BACK,3.0,12.0,0.5859,-0.319983333333
808,actress,14.0,16.0,0.560328571429,-0.453125
809,ch,1.0,1.0,0.4215,-0.5983
810,touch,1.0,1.0,0.4336,-0.8402
811,ü,6.0,6.0,0.744683333333,-0.27585
812,blow,4.0,4.0,0.203,-0.770775
813,tirade,1.0,7.0,0.5949,-0.742485714286
814,Would,9.0,5.0,0.396988888889,-0.41042
815,feminist,200.0,13.0,0.4222795,-0.643553846154
816,thinking,7.0,12.0,0.344657142857,-0.679091666667
817,rose,9.0,1.0,0.557477777778,-0.7865
818,seems,1.0,5.0,0.5411,-0.3923
819,except,4.0,28.0,0.372625,-0.7096
820,pile,1.0,1.0,0.4515,-0.4019
821,4,12.0,69.0,0.4697,-0.518613043478
822,feminism,1.0,5.0,0.3612,-0.6017
823,real,4.0,30.0,0.3887,-0.56474
824,around,19.0,4.0,0.598831578947,-0.6373
825,read,2.0,14.0,0.47355,-0.365628571429
826,Many,8.0,5.0,0.1460375,-0.53782
827,Forlani,1.0,2.0,0.7506,-0.2263
828,gonna,1.0,2.0,0.5204,-0.3454
829,mom,4.0,2.0,0.56035,-0.84375
830,using,6.0,1.0,0.236966666667,-0.8181
831,lady,1.0,1.0,0.4215,-0.9059
832,Example,1.0,1.0,0.6229,-0.7003
833,Brave,5.0,12.0,0.7253,-0.629075
834,fortune,2.0,1.0,0.65075,-0.1779
835,Biden,4.0,8.0,0.2427,-0.389875
836,either,3.0,1.0,0.629833333333,-0.6643
837,Misconduct,2.0,2.0,0.8708,-0.296
838,Man,3.0,2.0,0.372,-0.29675
839,Before,1.0,1.0,0.4712,0.0
840,exposed,5.0,1.0,0.40038,-0.8567
841,ewww,1.0,1.0,0.7717,-0.1877
842,Seriously,3.0,1.0,0.587566666667,-0.8827
843,New,11.0,12.0,0.418127272727,-0.429608333333
844,thinks,148.0,4.0,0.450659459459,-0.55665
845,Wake,1.0,4.0,0.7152,-0.3623
846,¥,1.0,2.0,0.4215,-0.51935
847,IT'S,1.0,1.0,0.7125,-0.8833
848,decent,1.0,1.0,0.4767,-0.4939
849,predators,1.0,2.0,0.8271,-0.2023
850,JUST,1.0,5.0,0.6115,-0.74834
851,despicable,1.0,14.0,0.69,-0.442642857143
852,Rock,1.0,1.0,0.296,-0.8299
853,Ivanka,3.0,1.0,0.4588,-0.34
854,ok,2.0,3.0,0.69615,-0.218
855,oh,4.0,2.0,0.224675,-0.5633
856,favorite,1.0,4.0,0.1531,-0.3835
857,meaning,1.0,1.0,0.2732,0.0
858,Check,1.0,1.0,0.2023,-0.6037
859,stand,17.0,7.0,0.302735294118,-0.548328571429
860,act,3.0,1.0,0.428,-0.7479
861,Message,14.0,3.0,0.6597,-0.267933333333
862,deranged,2.0,2.0,0.3612,-0.72195
863,ladies,3.0,2.0,0.598833333333,-0.2023
864,No,11.0,57.0,0.344663636364,-0.580019298246
865,accounts,1.0,1.0,0.6249,-0.34
866,apologize,16.0,2.0,0.30473125,-0.27785
867,Winona,1.0,1.0,0.4939,-0.296
868,NO,7.0,4.0,0.4215,-0.80585
869,alleged,16.0,11.0,0.3420375,-0.510618181818
870,lol,6.0,5.0,0.5621,-0.16184
871,los,1.0,28.0,0.34,-0.0302892857143
872,racist,1.0,2.0,0.5859,-0.59935
873,stars,2.0,15.0,0.3988,-0.504546666667
874,house,5.0,10.0,0.27388,-0.68995
875,escapar,2.0,7.0,0.0935,-0.415614285714
876,Remember,5.0,6.0,0.58162,-0.765416666667
877,gibi,2.0,1.0,0.7506,-0.2263
878,trying,4.0,11.0,0.3237,-0.543636363636
879,longer,1.0,4.0,0.4149,-0.211275
880,abused,9.0,43.0,0.161511111111,-0.744453488372
881,Anyone,8.0,3.0,0.6997625,-0.678266666667
882,fraud,1.0,10.0,0.5374,-0.36217
883,rage,2.0,7.0,0.2481,-0.219271428571
884,wasn't,6.0,5.0,0.3886,-0.42046
885,House,4.0,1.0,0.51785,-0.7616
886,SHOULD,1.0,1.0,0.5574,-0.858
887,Whoopi,9.0,1.0,0.501355555556,-0.6767
888,LET,1.0,1.0,0.7125,0.0
889,agree,3.0,10.0,0.518,-0.5574
890,gone,3.0,2.0,0.2699,-0.60405
891,taste,1.0,3.0,0.0516,-0.0258
892,certain,1.0,1.0,0.2484,0.0
893,forgot,1.0,3.0,0.7184,-0.576
894,al,1.0,1.0,0.6597,-0.128
895,deep,1.0,1.0,0.8316,0.0
896,How,20.0,87.0,0.57087,-0.559195402299
897,An,6.0,4.0,0.765,-0.40595
898,film,1.0,11.0,0.8225,-0.514954545455
899,Monica,1.0,2.0,0.296,-0.5172
900,idiot,1.0,14.0,0.34,-0.552721428571
901,credibility,2.0,2.0,0.65125,-0.4612
902,bragging,2.0,1.0,0.3612,-0.6597
903,5,1.0,5.0,0.4767,-0.45248
904,More,37.0,17.0,0.3135,-0.446694117647
905,Las,1.0,2.0,0.7125,-0.5453
906,poor,3.0,6.0,0.685366666667,-0.4748
907,Great,3.0,1.0,0.3737,-0.0516
908,Judd,2775.0,14348.0,0.484676144144,-0.672831523557
909,important,3.0,1.0,0.546466666667,0.0
910,she's,18.0,40.0,0.397633333333,-0.5526775
911,CNN,7.0,5.0,0.6933,-0.21258
912,Clooney,8.0,2.0,0.1695,-0.50395
913,#AshleyJudd,2.0,3.0,0.32135,-0.650866666667
914,Alec,1.0,1.0,0.7184,-0.7579
915,calls,3.0,10.0,0.5903,-0.16106
916,#WomensMarch,4.0,1.0,0.756775,-0.6705
917,Yeah,7.0,6.0,0.423228571429,-0.557516666667
918,u,12.0,19.0,0.547941666667,-0.858447368421
919,Streep,13.0,67.0,0.511323076923,-0.597104477612
920,Harassment,2.0,17.0,0.2619,-0.462152941176
921,starting,1.0,4.0,0.3612,-0.29455
922,forget,12.0,9.0,0.218425,-0.640133333333
923,acoso,3.0,11.0,0.1896,-0.327872727273
924,Station,4.0,8.0,0.50765,-0.469875
925,Take,1.0,1.0,0.3612,-0.7762
926,talks,1.0,9.0,0.34,-0.409188888889
927,children,1.0,2.0,0.5267,-0.631
928,WOMAN,151.0,43.0,0.439582781457,-0.475834883721
929,tv,2.0,1.0,0.69,-0.5106
930,program,2.0,1.0,0.3111,-0.5994
931,th,2.0,4.0,0.4814,-0.773275
932,smile,1.0,1.0,0.3612,-0.5267
933,te,2.0,11.0,0.4574,-0.492654545455
934,Eat,2.0,1.0,0.3612,-0.7906
935,case,7.0,268.0,0.505414285714,-0.758489552239
936,woman,199.0,272.0,0.448432663317,-0.591715808824
937,worse,3.0,31.0,0.2366,-0.762103225806
938,song,1.0,1.0,0.1531,-0.5574
939,far,3.0,18.0,0.723533333333,-0.734
940,fat,1.0,1.0,0.7499,-0.872
941,I'd,2.0,7.0,0.36315,-0.313514285714
942,fan,9.0,2.0,0.353033333333,-0.41125
943,surprise,3.0,1.0,0.268133333333,-0.0552
944,I'm,32.0,22.0,0.519003125,-0.522763636364
945,difference,3.0,1.0,0.413666666667,-0.1984
946,ranting,1.0,19.0,0.4374,-0.442852631579
947,Don't,5.0,12.0,0.53584,-0.638316666667
948,celebrity,2.0,2.0,0.4753,-0.45905
949,list,5.0,14.0,0.6198,-0.273971428571
950,large,1.0,3.0,0.7635,-0.239433333333
951,sane,2.0,1.0,0.4753,-0.8074
952,HYPOCRITE,3.0,4.0,0.5574,-0.64735
953,streets,1.0,2.0,0.0258,-0.40775
954,TSA,4.0,1.0,0.418025,-0.4019
955,Only,6.0,4.0,0.729883333333,-0.7211
956,pass,2.0,1.0,0.33135,-0.8363
957,East,37.0,19.0,0.347256756757,-0.468484210526
958,Trump's,1.0,16.0,0.4674,-0.7537
959,stood,4.0,8.0,0.5074,-0.418
960,Tried,3.0,1.0,0.3877,-0.7531
961,abt,3.0,4.0,0.605033333333,-0.69435
962,public,14.0,156.0,0.608114285714,-0.28213974359
963,full,8.0,8.0,0.517375,-0.7025375
964,Proud,6.0,1.0,0.655433333333,0.0
965,varias,1.0,1.0,0.3612,-0.5574
966,hours,8.0,1.0,0.39105,-0.4767
967,Angelina,32.0,475.0,0.523765625,-0.206754315789
968,strong,149.0,2.0,0.451420805369,-0.67605
969,speeches,1.0,1.0,0.3382,-0.8197
970,creeps,1.0,1.0,0.4588,-0.8452
971,Absolutely,3.0,1.0,0.172666666667,-0.765
972,experience,7.0,3.0,0.173514285714,-0.645633333333
973,spotlight,1.0,1.0,0.3818,-0.8299
974,airport,5.0,3.0,0.5132,-0.4905
975,social,4.0,14.0,0.6512,-0.447371428571
976,action,1.0,3.0,0.8316,-0.3094
977,Naomi,7.0,3.0,0.512585714286,-0.352966666667
978,Joan,1.0,1.0,0.7145,-0.4767
979,family,26.0,6.0,0.460357692308,-0.458666666667
980,ask,4.0,13.0,0.560075,-0.271353846154
981,Tears,1.0,2.0,0.8523,-0.26025
982,Too,1.0,4.0,0.0258,-0.655875
983,°,12.0,10.0,0.389975,-0.3704
984,two,34.0,4.0,0.301491176471,-0.402575
985,Connor,17.0,1.0,0.3612,-0.296
986,Russian,1.0,1.0,0.4404,-0.6705
987,trabajo,4.0,1.0,0.34,0.0
988,OUT,1.0,13.0,0.5368,-0.374261538462
989,knows,5.0,3.0,0.57054,-0.735933333333
990,El,1.0,3.0,0.128,-0.5814
991,company,1.0,1.0,0.1779,-0.926
992,So,62.0,1279.0,0.605033870968,-0.469948318999
993,basically,1.0,1.0,0.0258,-0.7003
994,known,6.0,3.0,0.398833333333,-0.265666666667
995,respected,2.0,2.0,0.487,-0.5237
996,none,1.0,439.0,0.2946,-0.176894305239
997,Now,18.0,62.0,0.35035,-0.386512903226
998,hour,11.0,1.0,0.4479,-0.7269
999,sucks,2.0,1.0,0.4184,-0.7644
1000,JUDD,37.0,68.0,0.487040540541,-0.577616176471
1001,offended,3.0,7.0,0.549233333333,-0.619042857143
1002,remain,1.0,2.0,0.4767,-0.25
1003,sudden,1.0,1.0,0.3612,-0.6705
1004,SO,1.0,6.0,0.7141,-0.804566666667
1005,v,5.0,7.0,0.7045,-0.501514285714
1006,male,2.0,2.0,0.4184,-0.3743
1007,Your,3.0,21.0,0.6154,-0.237085714286
1008,bravely,1.0,2.0,0.5106,-0.7717
1009,...she,1.0,2.0,0.308,-0.59885
1010,share,2.0,2.0,0.55905,-0.63675
1011,accept,3.0,1.0,0.633233333333,-0.1984
1012,sense,1.0,4.0,0.69,-0.515975
1013,dress,6.0,3.0,0.240766666667,-0.477966666667
1014,needs,14.0,20.0,0.344371428571,-0.53436
1015,acts,2.0,2.0,0.395,-0.51935
1016,stayed,1.0,2.0,0.0772,-0.7209
1017,BLOOM,2.0,1.0,0.5008,-0.628
1018,Don,5.0,4.0,0.47156,-0.6862
1019,tried,79.0,5.0,0.373920253165,-0.33702
1020,1202596357,6.0,10.0,0.664133333333,-0.45866
1021,blood,4.0,4.0,0.70465,-0.50995
1022,coming,35.0,13.0,0.393434285714,-0.611215384615
1023,Lisa,1.0,3.0,0.3182,-0.894366666667
1024,response,1.0,11.0,0.0387,-0.746572727273
1025,proclaimed,1.0,3.0,0.5983,-0.416866666667
1026,Weinstein's,14.0,17.0,0.241578571429,-0.538058823529
1027,Democrats,7.0,4.0,0.534357142857,-0.636
1028,media,1.0,3.0,0.1027,-0.4523
1029,Expose,1.0,1.0,0.4215,0.0
1030,that's,203.0,8.0,0.677390147783,-0.3749
1031,What,40.0,53.0,0.520985,-0.5567
1032,help,83.0,9.0,0.814021686747,-0.328322222222
1033,don't,26.0,20.0,0.425246153846,-0.446375
1034,sooo,1.0,1.0,0.5994,-0.6057
1035,Same,8.0,2.0,0.2553,-0.37895
1036,trade,1.0,1.0,0.5449,-0.3016
1037,smiling,6.0,1.0,0.648516666667,-0.128
1038,Oct,1.0,2.0,0.8585,-0.2231
1039,24,8.0,588.0,0.483525,-0.615668367347
1040,26,1.0,1.0,0.4588,-0.1695
1041,Full,1.0,3.0,0.0772,-0.1613
1042,20,249.0,1726.0,0.635525301205,-0.541598783314
1043,21,38.0,586.0,0.6256,-0.6166
1044,22,16.0,587.0,0.2263,-0.61612879046
1045,actually,4.0,25.0,0.597825,-0.673008
1046,late,3.0,3.0,0.4662,-0.174733333333
1047,haven't,8.0,9.0,0.474475,-0.695466666667
1048,fool,1.0,1.0,0.7203,-0.8452
1049,good,14.0,10.0,0.7109,-0.63616
1050,yo,2.0,1.0,0.36845,-0.8422
1051,ya,3.0,2.0,0.1998,-0.5574
1052,#HarveyWeinsteinhttps,3.0,1.0,0.3237,-0.6037
1053,Michael,11.0,5704.0,0.472290909091,-0.790193618513
1054,noticing,2.0,1.0,0.5719,-0.5563
1055,miedo,1.0,1.0,0.3818,-0.695
1056,you've,2.0,1.0,0.5222,-0.8567
1057,VICTIM,2.0,2.0,0.2179,-0.8415
1058,foot,2.0,6.0,0.5719,-0.1341
1059,complain,1.0,1.0,0.5983,-0.8548
1060,bigger,2.0,4.0,0.3111,-0.6369
1061,groped,12.0,4.0,0.473066666667,-0.443925
1062,easily,2.0,1.0,0.50525,-0.3053
1063,always,14.0,2.0,0.627871428571,-0.5105
1064,someone,9.0,24.0,0.470333333333,-0.680058333333
1065,stopped,2.0,3.0,0.5793,-0.601333333333
1066,Thanks,4.0,3.0,0.81515,-0.3901
1067,found,3.0,48.0,0.249233333333,-0.508335416667
1068,isn't,8.0,13.0,0.681,-0.617946153846
1069,Hmmm,1.0,2.0,0.2047,-0.58805
1070,week,1.0,42.0,0.4019,-0.493121428571
1071,everyone,4.0,4.0,0.404925,-0.386175
1072,mental,5.0,11.0,0.2792,-0.494918181818
1073,Weinshtein,4.0,6.0,0.2427,-0.349633333333
1074,Rose,89.0,38.0,0.440412359551,-0.520368421053
1075,hard,2.0,446.0,0.31665,-0.17714529148
1076,expect,1.0,5.0,0.4389,-0.57078
1077,Argento,21.0,2.0,0.549280952381,-0.3921
1078,event,4.0,1.0,0.349325,-0.9186
1079,really,18.0,34.0,0.385244444444,-0.561747058824
1080,leave,2.0,9.0,0.27725,-0.284444444444
1081,HARVEY,4.0,13.0,0.5223,-0.817292307692
1082,since,60.0,133.0,0.386386666667,-0.157733082707
1083,Mira,11.0,22.0,0.444027272727,-0.692954545455
1084,THURSDAY,6.0,94.0,0.8116,-0.131892553191
1085,acting,5.0,7.0,0.7065,-0.648928571429
1086,7,1.0,6.0,0.4595,-0.8827
1087,guess,20.0,13.0,0.386915,-0.658830769231
1088,reason,1.0,2.0,0.128,-0.26825
1089,SHE,4.0,4.0,0.40375,-0.5951
1090,imagine,15.0,3.0,0.100093333333,-0.597433333333
1091,put,6.0,5.0,0.48125,-0.44504
1092,bash,78.0,2.0,0.3744,-0.3495
1093,definition,1.0,1.0,0.6908,-0.8422
1094,misogyny,2.0,2.0,0.54105,-0.59385
1095,People,7.0,55.0,0.585885714286,-0.282996363636
1096,TWITTER,2.0,11.0,0.8388,-0.296
1097,woman's,1.0,1.0,0.5423,-0.85
1098,Helped,1.0,1.0,0.1779,-0.6597
1099,w,27.0,29.0,0.656681481481,-0.39604137931
1100,Praises,1.0,1.0,0.4215,-0.5983
1101,dont,3.0,1.0,0.437533333333,-0.2755
1102,feel,9.0,21.0,0.347533333333,-0.485604761905
1103,utm_content,4.0,14.0,0.6512,-0.447371428571
1104,celeb,2.0,1.0,0.50935,-0.6597
1105,sympathy,8.0,1.0,0.330475,-0.25
1106,brave,37.0,3.0,0.794786486486,-0.593566666667
1107,done,6.0,4.0,0.577983333333,-0.668025
1108,miss,2.0,4.0,0.5983,-0.555125
1109,story,25.0,212.0,0.563424,-0.505577358491
1110,Okay,1.0,1.0,0.3485,-0.0676
1111,leading,1.0,2.0,0.4588,-0.6253
1112,threatening,2.0,4.0,0.3365,-0.770775
1113,least,2.0,9.0,0.44015,-0.698255555556
1114,statement,2.0,4.0,0.584,-0.536475
1115,para,3.0,5.0,0.1896,-0.21548
1116,hotel,4.0,5.0,0.29265,-0.44056
1117,Milano,10.0,1034.0,0.46298,-0.429406673114
1118,interviewed,7.0,14.0,0.4084,-0.548035714286
1119,part,13.0,23.0,0.469392307692,-0.638147826087
1120,believe,5.0,9.0,0.29662,-0.428011111111
1121,kind,4.0,4.0,0.4073,-0.243075
1122,b,3.0,5.0,0.5446,-0.62232
1123,compliments,3.0,3.0,0.0608,-0.540366666667
1124,double,1.0,5.0,0.3919,-0.56262
1125,vocal,8.0,2.0,0.38995,-0.1779
1126,M,3.0,3.0,0.556433333333,-0.6597
1127,supposed,1.0,4.0,0.3485,-0.38415
1128,danh,1.0,1.0,0.4215,-0.5983
1129,#feedingthebeast,6.0,1.0,0.391416666667,-0.8883
1130,deciding,2.0,3.0,0.546,-0.717966666667
1131,Fierstein,1.0,1.0,0.5707,-0.2516
1132,God,16.0,2.0,0.62410625,-0.2484
1133,¢,4.0,1.0,0.6153,-0.5983
1134,Power,41.0,1.0,0.847919512195,-0.902
1135,self,12.0,3.0,0.558908333333,-0.4003
1136,empowered,1.0,1.0,0.3182,-0.3612
1137,Predator,31.0,21.0,0.223780645161,-0.606357142857
1138,couch,2.0,5.0,0.4753,-0.61522
1139,also,16.0,14.0,0.35485,-0.413907142857
1140,With,6.0,12.0,0.490833333333,-0.454616666667
1141,play,9.0,3.0,0.539944444444,-0.353666666667
1142,towards,2.0,6.0,0.24225,-0.70395
1143,Episode,24.0,2.0,0.4809,-0.807
1144,tuvo,1.0,1.0,0.3818,-0.25
1145,Kentucky,5.0,6.0,0.32356,-0.727083333333
1146,nothing,9.0,22.0,0.495733333333,-0.541604545455
1147,The,99.0,78.0,0.365925252525,-0.487356410256
1148,extremely,1.0,2.0,0.4576,-0.75935
1149,singled,3.0,2.0,0.2263,-0.2617
1150,‚,1165.0,1826.0,0.455473562232,-0.553816757941
1151,clear,14.0,1.0,0.0751857142857,-0.3612
1152,WATCH,1.0,4.0,0.4648,-0.6861
1153,attacking,7.0,5.0,0.7424,-0.56356
1154,stones,2.0,1.0,0.6369,-0.7906
1155,gold,1.0,1.0,0.4374,-0.7633
1156,Had,2.0,5.0,0.8708,-0.41042
1157,tinha,1.0,1.0,0.7906,-0.296
1158,Has,1.0,2.0,0.25,-0.8642
1159,Hat,3.0,1.0,0.3968,-0.7717
1160,find,4.0,12.0,0.388175,-0.524375
1161,Kathy,15.0,8.0,0.373453333333,-0.4079875
1162,£,5.0,12.0,0.4964,-0.578491666667
1163,pretty,4.0,4.0,0.660975,-0.360575
1164,feminists,44.0,442.0,0.592838636364,-0.179150904977
1165,8,2.0,30.0,0.25985,-0.61799
1166,acusado,1.0,4.0,0.7027,-0.64905
1167,they'd,1.0,1.0,0.6966,-0.5719
1168,courage,6.0,4.0,0.70365,-0.39035
1169,rest,4.0,18.0,0.462125,-0.327616666667
1170,shared,4.0,1.0,0.544525,-0.2732
1171,Harrassment,1.0,3.0,0.5696,-0.3551
1172,showed,1.0,4.0,0.8439,-0.18435
1173,sacrificed,6.0,2.0,0.391416666667,-0.8754
1174,THIS,11.0,1.0,0.473245454545,-0.4648
1175,cry,1.0,1.0,0.8622,-0.926
1176,Powerful,2.0,11.0,0.4753,-0.278181818182
1177,common,1.0,1.0,0.4199,-0.1007
1178,set,4.0,1.0,0.479725,-0.9186
1179,For,1.0,49.0,0.4215,-0.295893877551
1180,sex,243.0,137.0,0.453567489712,-0.25053649635
1181,see,47.0,38.0,0.606612765957,-0.299055263158
1182,close,2.0,1.0,0.35565,-0.5574
1183,arm,4.0,2.0,0.40885,-0.30405
1184,Harvey's,1.0,4.0,0.5423,-0.4551
1185,movie,18.0,24.0,0.481627777778,-0.5197875
1186,please,2.0,3.0,0.6815,-0.5018
1187,demons,1.0,3.0,0.4588,-0.1613
1188,Terry,25.0,3.0,0.3612,-0.268833333333
1189,probably,3.0,7.0,0.679433333333,-0.553185714286
1190,donate,1.0,1.0,0.4404,-0.8689
1191,knowing,1.0,3.0,0.3224,-0.486766666667
1192,Hypocrite,4.0,6.0,0.256275,-0.639866666667
1193,Could,2.0,1.0,0.2732,-0.4939
1194,attention,4.0,6.0,0.42655,-0.462683333333
1195,Against,10.0,9.0,0.60047,-0.121333333333
1196,incident,3.0,2.0,0.377733333333,-0.52645
1197,Madonna,66.0,5773.0,0.402968181818,-0.786764576477
1198,AND,6.0,8.0,0.438683333333,-0.537925
1199,c,4.0,13.0,0.2637,-0.458523076923
1200,Unexpected,21.0,1.0,0.3382,-0.25
1201,last,6.0,4.0,0.325816666667,-0.643825
1202,influential,2.0,2.0,0.5558,-0.0258
1203,wouldn't,16.0,3.0,0.6554125,-0.442066666667
1204,became,1.0,1.0,0.5204,-0.3818
1205,NOTHING,1.0,6.0,0.5598,-0.52865
1206,Yep,1.0,4.0,0.4767,-0.64995
1207,Yes,10.0,5.0,0.59746,-0.29224
1208,whole,3.0,3.0,0.529066666667,-0.422433333333
1209,Yet,1.0,2.0,0.802,-0.47635
1210,#VideoTrends,2.0,1.0,0.6112,-0.296
1211,liked,11.0,2.0,0.588654545455,-0.47825
1212,point,3.0,13.0,0.4163,-0.270153846154
1213,reasons,1.0,1.0,0.6369,-0.2732
1214,whatever,2.0,2.0,0.38635,-0.24695
1215,likes,5.0,3.0,0.31116,-0.607866666667
1216,Way,3.0,6.0,0.3151,-0.4288
1217,Was,6.0,3.0,0.32225,-0.5093
1218,along,2.0,5.0,0.76815,-0.38674
1219,finally,7.0,5.0,0.596128571429,-0.57214
1220,described,1.0,6.0,0.2003,-0.660766666667
1221,political,1.0,2.0,0.0258,-0.2378
1222,secret,3.0,27.0,0.120166666667,-0.113840740741
1223,describes,1.0,7.0,0.4588,-0.792585714286
1224,damn,1.0,2.0,0.3007,-0.51635
1225,Movie,10.0,2.0,0.72149,-0.6235
1226,ph,1.0,1.0,0.4215,-0.5983
1227,Cara,6.0,2.0,0.4391,-0.08895
1228,Women,81.0,5874.0,0.568158024691,-0.774246424923
1229,sweetheart,7.0,4.0,0.519957142857,-0.415025
1230,Especially,4.0,2.0,0.747,-0.64145
1231,HER,4.0,6.0,0.449975,-0.627816666667
1232,what's,1.0,1.0,0.4388,-0.25
1233,else,6.0,8.0,0.713866666667,-0.453875
1234,understand,75.0,11.0,0.846872,-0.798281818182
1235,She's,7.0,23.0,0.3973,-0.672208695652
1236,look,9.0,10.0,0.421611111111,-0.51677
1237,straight,2.0,2.0,0.58355,-0.41735
1238,fue,2.0,1.0,0.1738,-0.695
1239,replaced,1.0,2.0,0.3774,-0.62175
1240,ø,1.0,2.0,0.2732,-0.148
1241,behavior,1.0,3.0,0.8053,-0.893033333333
1242,NASTY,9.0,67.0,0.155511111111,-0.567270149254
1243,voters,4.0,4.0,0.6239,-0.636
1244,pussyhats,1.0,2.0,0.625,-0.5362
1245,Teen,2.0,7.0,0.6128,-0.364285714286
1246,funny,4.0,2.0,0.51635,-0.1901
1247,shirt,2.0,10.0,0.0258,-0.3382
1248,anymore,1.0,1.0,0.1901,-0.2462
1249,9,4.0,7.0,0.52985,-0.850842857143
1250,About,8.0,29.0,0.440075,-0.574162068966
1251,used,10.0,6.0,0.74051,-0.513633333333
1252,yesterday,1.0,1.0,0.8442,-0.4019
1253,moment,1.0,6.0,0.8126,-0.6531
1254,Crossing,1.0,1.0,0.5719,-0.5267
1255,YOU,13.0,13.0,0.640215384615,-0.748169230769
1256,Jolie,28.0,475.0,0.525953571429,-0.206754315789
1257,recent,1.0,1.0,0.4215,-0.4767
1258,PINK,1.0,4.0,0.3612,-0.6973
1259,anybody,2.0,1.0,0.2588,-0.5574
1260,person,9.0,7.0,0.517311111111,-0.514114285714
1261,thats,1.0,8.0,0.9341,-0.5256
1262,know,23.0,86.0,0.447139130435,-0.378168604651
1263,è,1.0,2.0,0.6605,-0.77685
1264,HAVE,1.0,1.0,0.6705,-0.4648
1265,world,39.0,16.0,0.630882051282,-0.36685
1266,Nope,6.0,1.0,0.54465,-0.6705
1267,letting,1.0,2.0,0.4215,-0.40545
1268,PIG,1.0,4.0,0.6369,-0.8992
1269,parents,2.0,5.0,0.4753,-0.2263
1270,crying,1.0,2.0,0.4621,-0.81565
1271,surprised,4.0,2.0,0.614425,-0.393
1272,On,2.0,5704.0,0.47395,-0.789906241234
1273,march,34.0,16.0,0.631652941176,-0.64659375
1274,Oh,200.0,23.0,0.681756,-0.517882608696
1275,Did,10.0,20.0,0.48403,-0.281135
1276,big,11.0,14.0,0.482372727273,-0.4606
1277,couple,1.0,2.0,0.6588,-0.10115
1278,YEAH,1.0,4.0,0.625,-0.7284
1279,utm_source,4.0,14.0,0.6512,-0.447371428571
1280,game,5.0,8.0,0.53688,-0.70625
1281,Truth,42.0,7.0,0.860102380952,-0.375828571429
1282,Care,14.0,1.0,0.6597,0.0
1283,Or,7.0,27.0,0.327828571429,-0.5653
1284,ON,4.0,10.0,0.646475,-0.7176
1285,OF,9.0,14.0,0.387555555556,-0.681357142857
1286,message,1.0,2.0,0.7017,-0.3275
1287,ignore,5.0,3.0,0.34,-0.7346
1288,absolutely,1.0,3.0,0.5411,-0.1885
1289,fake,1.0,14.0,0.6369,-0.536242857143
1290,back,21.0,11.0,0.502161904762,-0.387936363636
1291,Responds,1.0,3.0,0.5696,-0.3551
1292,added,2.0,5.0,0.3682,-0.66872
1293,#nasty,2.0,1.0,0.8225,-0.7202
1294,scandal,1.0,46.0,0.1779,-0.393423913043
1295,meds,1.0,3.0,0.5425,-0.460933333333
1296,pelo,1.0,4.0,0.7906,-0.66695
1297,Nothing,4.0,16.0,0.07805,-0.44818125
1298,Here's,1.0,6.0,0.7506,-0.659883333333
1299,run,1.0,4.0,0.3182,-0.482025
1300,Look,4.0,4.0,0.400525,-0.30155
1301,bc,9.0,4.0,0.4835,-0.2616
1302,word,8.0,457.0,0.340075,-0.196853172867
1303,Bill,4.0,55.0,0.417,-0.280012727273
1304,Lena,3.0,7.0,0.657333333333,-0.268085714286
1305,O,26.0,7.0,0.4036,-0.336614285714
1306,David,4.0,1.0,0.3382,-0.3254
1307,step,1.0,7.0,0.6239,-0.153971428571
1308,Bob,1.0,1.0,0.3612,-0.2942
1309,Hello,2.0,3.0,0.5684,-0.8655
1310,anything,28.0,28.0,0.249542857143,-0.383067857143
1311,trato,1.0,1.0,0.3818,-0.25
1312,hatred,1.0,5.0,0.128,-0.89948
1313,wanna,2.0,1.0,0.4617,0.0
1314,silence,6.0,18.0,0.441383333333,-0.572755555556
1315,jimmy,1.0,2.0,0.4019,-0.5424
1316,garbage,1.0,2.0,0.2732,-0.21075
1317,harassed,12.0,22.0,0.213875,-0.577131818182
1318,Young,1.0,1.0,0.7263,-0.7003
1319,Shares,5.0,2.0,0.35928,0.0
1320,Loud-Mouth,19.0,15.0,0.313605263158,-0.477106666667
1321,Speech,2.0,4.0,0.39565,-0.614175
1322,NEW,5.0,1.0,0.42074,-0.321
1323,Scarborough,1.0,4.0,0.6369,-0.636
1324,delusional,66.0,1.0,0.537107575758,-0.4939
1325,•,1.0,1.0,0.3612,-0.6808
1326,..,28.0,65.0,0.403192857143,-0.530870769231
1327,question,4.0,1.0,0.312325,-0.6908
1328,long,8.0,8.0,0.4433,-0.6120125
1329,Where's,2.0,22.0,0.46205,-0.682304545455
1330,suit,1.0,5.0,0.8674,-0.44566
1331,forward,48.0,17.0,0.412460416667,-0.430458823529
1332,Awards,41.0,10.0,0.83662195122,0.0
1333,poster,2.0,5.0,0.4648,-0.4019
1334,line,3.0,3.0,0.532966666667,-0.6699
1335,I'll,4.0,1.0,0.299575,-0.7506
1336,Hollywood's,7.0,4.0,0.458371428571,-0.746125
1337,Twitter,8.0,73.0,0.7266,-0.253221917808
1338,....,8.0,9.0,0.2563,-0.493822222222
1339,hasn't,2.0,3.0,0.3419,-0.510733333333
1340,us,61.0,14.0,0.456539344262,-0.477478571429
1341,ur,2.0,1.0,0.7351,-0.347
1342,slander,1.0,3.0,0.4019,-0.580733333333
1343,un,4.0,4.0,0.690225,-0.2823
1344,today,6.0,3.0,0.5771,-0.742033333333
1345,z,2.0,1.0,0.7011,-0.5267
1346,called,17.0,31.0,0.558058823529,-0.626509677419
1347,#MAGA,1.0,41.0,0.2263,-0.570231707317
1348,To,57.0,100.0,0.426926315789,-0.534989
1349,single,2.0,2.0,0.0707,-0.7824
1350,Linda,8.0,3.0,0.1695,-0.602633333333
1351,EXCLUSIVE,42.0,2.0,0.30680952381,-0.5423
1352,TV,119.0,168.0,0.427049579832,-0.255249404762
1353,TO,3.0,5.0,0.469266666667,-0.6753
1354,definitely,5.0,1.0,0.4019,-0.2263
1355,actors,2.0,3.0,0.39465,-0.459833333333
1356,produtor,1.0,4.0,0.7027,-0.6597
1357,nice,7.0,5.0,0.346757142857,-0.49298
1358,HYPOCRISY,1.0,1.0,0.7125,-0.2617
1359,Shower,3.0,1.0,0.3877,-0.7096
1360,AS,1.0,2.0,0.694,-0.8459
1361,AT,6.0,2.0,0.530083333333,-0.6369
1362,Making,4.0,5.0,0.478575,-0.532
1363,ago,253.0,19.0,0.594556126482,-0.424131578947
1364,e,5.0,34.0,0.6728,-0.703414705882
1365,acosarla,1.0,1.0,0.3818,-0.25
1366,nast,1.0,1.0,0.7141,-0.5574
1367,Am,1.0,5.0,0.0772,-0.27592
1368,she'd,72.0,9.0,0.852463888889,-0.492344444444
1369,responded,3.0,53.0,0.2341,-0.440873584906
1370,As,4.0,34.0,0.52665,-0.123288235294
1371,At,4.0,10.0,0.3146,-0.66343
1372,ignorant,1.0,2.0,0.7579,-0.3364
1373,Apparently,145.0,3.0,0.4486,-0.441766666667
1374,Time,3.0,5.0,0.558266666667,-0.5007
1375,Dumbass,1.0,16.0,0.0258,-0.8948
1376,go,13.0,29.0,0.496392307692,-0.58044137931
1377,psycho,1.0,4.0,0.4404,-0.424675
1378,tweeted,7.0,1.0,0.4215,-0.6705
1379,issues,8.0,4.0,0.219225,-0.353675
1380,Notice,2.0,1.0,0.5719,-0.2225
1381,Someone,14.0,4.0,0.39385,-0.677275
1382,Ky.,1.0,1.0,0.6908,-0.6166
1383,young,8.0,12.0,0.7202,-0.620741666667
1384,Award,13.0,2.0,0.765884615385,-0.5574
1385,Eminem,5.0,3.0,0.7506,-0.244066666667
1386,Words,1.0,1.0,0.3612,-0.2263
1387,Not,76.0,18.0,0.482569736842,-0.387833333333
1388,MADONNA,4.0,6.0,0.634075,-0.707133333333
1389,include,1.0,3.0,0.4712,-0.584666666667
1390,Wynonna,1.0,2.0,0.4215,-0.35425
1391,sent,1.0,3.0,0.6369,-0.266633333333
1392,outside,1.0,2.0,0.2732,-0.3716
1393,bimbo,1.0,1.0,0.7579,-0.4767
1394,Celebrity,1.0,3.0,0.0258,-0.5184
1395,P,2.0,1.0,0.3976,-0.8197
1396,"71,",3.0,2.0,0.5267,-0.2138
1397,putting,1.0,2.0,0.5984,-0.2294
1398,telling,3.0,8.0,0.521933333333,-0.63145
1399,#tcot,2.0,31.0,0.6597,-0.435806451613
1400,Mcgowan,1.0,4.0,0.1901,-0.62615
1401,Talking,1.0,4.0,0.5719,-0.203675
1402,race,2.0,1.0,0.44905,-0.0516
1403,bleeding,22.0,1.0,0.7456,-0.8807
1404,ze,1.0,1.0,0.8225,-0.3254
1405,Fast,2.0,1.0,0.3612,-0.7506
1406,video,15.0,20.0,0.553873333333,-0.505315
1407,power,22.0,5.0,0.631863636364,-0.65032
1408,giving,6.0,2.0,0.572266666667,-0.46445
1409,fine,1.0,1.0,0.5994,-0.2822
1410,waiting,3.0,11.0,0.364,-0.532636363636
1411,#HarveyWeinstein,15.0,5704.0,0.573853333333,-0.790176314867
1412,America,4.0,24.0,0.5719,-0.490333333333
1413,libtards,2.0,2.0,0.5839,-0.2263
1414,body,6.0,1.0,0.4917,-0.7506
1415,exchange,2.0,7.0,0.2685,-0.779657142857
1416,Yup,1.0,2.0,0.5106,0.0
1417,Polanski,1.0,1.0,0.802,-0.7616
1418,let,12.0,11.0,0.242241666667,-0.418254545455
1419,jeans,2.0,1.0,0.8225,-0.4951
1420,others,32.0,54.0,0.434546875,-0.523414814815
1421,sing,1.0,1.0,0.316,-0.5983
1422,mindset,5.0,2.0,0.4019,-0.1759
1423,great,15.0,4.0,0.69246,-0.433675
1424,weinstein,6.0,4.0,0.5301,-0.479625
1425,survivor,1.0,1.0,0.8299,-0.4939
1426,CAREER,1.0,1.0,0.2415,-0.8197
1427,30,3.0,6.0,0.663866666667,-0.532383333333
1428,Jennifer,11.0,17.0,0.606581818182,-0.307882352941
1429,CBS,1.0,1.0,0.5448,-0.5106
1430,opinion,8.0,1.0,0.561625,-0.7269
1431,makes,5.0,35.0,0.2273,-0.187302857143
1432,Wonder,7.0,16.0,0.486671428571,-0.65015
1433,win,8.0,2.0,0.6543125,-0.7369
1434,app,1.0,5.0,0.3919,-0.836
1435,Alleged,3.0,7.0,0.733466666667,-0.471928571429
1436,ë,1.0,2.0,0.4215,-0.6344
1437,names,1.0,54.0,0.4215,-0.531235185185
1438,apply,1.0,2.0,0.3612,-0.3716
1439,standing,2.0,7.0,0.46485,-0.547271428571
1440,use,2.0,3.0,0.64075,-0.226666666667
1441,Huh,1.0,1.0,0.6115,-0.163
1442,next,25.0,13.0,0.702616,-0.549823076923
1443,doubt,1.0,1.0,0.4404,-0.7067
1444,means,1.0,2.0,0.5562,-0.0258
1445,start,3.0,3.0,0.275033333333,-0.782066666667
1446,WOMEN,1.0,6.0,0.6089,-0.78095
1447,started,2.0,8.0,0.46715,-0.5182875
1448,Done,1.0,1.0,0.0258,-0.1779
1449,Claire,1.0,2.0,0.7506,-0.2263
1450,ashamed,4.0,6.0,0.642075,-0.4767
1451,women,270.0,423.0,0.604243333333,-0.450026713948
1452,ALL,2.0,6.0,0.73645,-0.778816666667
1453,LIKE,3.0,10.0,0.5551,-0.3382
1454,f,1.0,1.0,0.4767,-0.636
1455,us.,19.0,1.0,0.5267,0.0
1456,Video,7.0,5.0,0.506014285714,-0.33408
1457,Whitehouse,1.0,1.0,0.3527,-0.4939
1458,didnt,1.0,1.0,0.5229,-0.6705
1459,proof,3.0,1.0,0.7311,-0.4939
1460,control,1.0,11.0,0.5142,-0.467681818182
1461,lock,1.0,1.0,0.3612,-0.6908
1462,something,7.0,19.0,0.586457142857,-0.498715789474
1463,Party,1.0,6.0,0.4118,-0.3818
1464,rape,3.0,93.0,0.622866666667,-0.554946236559
1465,Rosie,29.0,15.0,0.441179310345,-0.453413333333
1466,sit,1.0,3.0,0.5707,-0.2928
1467,instead,10.0,14.0,0.43896,-0.356392857143
1468,#Weinstein,60.0,25.0,0.430453333333,-0.51568
1469,de,30.0,65.0,0.455753333333,-0.580763076923
1470,stop,3.0,59.0,0.477166666667,-0.431345762712
1471,Ryan,31.0,1.0,0.497441935484,0.0
1472,Roman,1.0,1.0,0.802,-0.7616
1473,abuse,8.0,49.0,0.2329125,-0.472742857143
1474,records,1.0,1.0,0.1779,-0.926
1475,famous,11.0,7.0,0.4231,-0.460614285714
1476,lame,1.0,1.0,0.3382,-0.2163
1477,One,3.0,1.0,0.442066666667,-0.836
1478,Middle,37.0,20.0,0.347256756757,-0.46374
1479,ottom,4.0,13.0,0.6512,-0.459015384615
1480,Sorvino,10.0,21.0,0.42587,-0.715176190476
1481,producer,1.0,8.0,0.4574,-0.550875
1482,move,3.0,1.0,0.6484,-0.298
1483,Retweeted,1.0,2.0,0.3612,-0.6064
1484,whilst,2.0,1.0,0.60995,-0.7579
1485,won't,3.0,4.0,0.412433333333,-0.380875
1486,looks,55.0,21.0,0.374274545455,-0.685357142857
1487,bunch,6.0,2.0,0.6989,-0.8328
1488,le,2.0,4.0,0.51045,-0.62375
1489,ß,3.0,12.0,0.504566666667,-0.474083333333
1490,la,6.0,35.0,0.531116666667,-0.705194285714
1491,Loud,2.0,2.0,0.43095,-0.5983
1492,Who's,1.0,4.0,0.4767,-0.40975
1493,Women's,39.0,8.0,0.783607692308,-0.557625
1494,outed,1.0,3.0,0.5719,-0.457
1495,2017,40.0,5.0,0.4887275,-0.51138
1496,Ashley,2780.0,14377.0,0.484853561151,-0.672443479168
1497,lunatic,2.0,2.0,0.0772,-0.71215
1498,mention,2.0,3.0,0.72355,-0.590833333333
1499,Can,3.0,5.0,0.440166666667,-0.49172
1500,front,1.0,7.0,0.6908,-0.465514285714
1501,flee,2.0,27.0,0.3389,-0.739796296296
1502,day,6.0,2.0,0.358566666667,-0.47415
1503,Respond,2.0,1.0,0.2619,-0.926
1504,comedy,1.0,1.0,0.3612,-0.8143
1505,†,127.0,23.0,0.509566929134,-0.538691304348
1506,theory,1.0,1.0,0.3612,-0.2584
1507,truth,23.0,3.0,0.633952173913,-0.508533333333
1508,Kate,4.0,4.0,0.585,-0.296
1509,Steinem,2.0,3.0,0.54595,-0.3089
1510,ABC,10.0,38.0,0.4614,-0.562342105263
1511,sexual,41.0,131.0,0.390548780488,-0.404019083969
1512,special,3.0,4.0,0.676333333333,-0.27475
1513,Very,2.0,3.0,0.49245,-0.686033333333
1514,Season,1.0,2.0,0.5095,-0.558
1515,lecture,19.0,3.0,0.5267,-0.7964
1516,cause,1.0,5.0,0.4588,-0.37672
1517,º,2.0,4.0,0.58005,-0.476375
1518,shut,17.0,17.0,0.413758823529,-0.583429411765
1519,This,73.0,31.0,0.402571232877,-0.547061290323
1520,completely,28.0,9.0,0.313803571429,-0.692277777778
1521,que,13.0,18.0,0.306069230769,-0.53835
1522,collection,1.0,1.0,0.2732,-0.607
1523,could,29.0,31.0,0.39164137931,-0.484458064516
1524,times,2.0,6.0,0.64505,-0.585733333333
1525,Hypocrisy,4.0,1.0,0.210275,-0.7777
1526,powerful,8.0,5.0,0.6066875,-0.1569
1527,MSNBC,1.0,1.0,0.6597,-0.2263
1528,doesn't,4.0,12.0,0.470475,-0.340141666667
1529,playlist,2.0,1.0,0.3682,-0.7845
1530,NY,2.0,2.0,0.67045,-0.7914
1531,vulgar,1.0,3.0,0.625,-0.494233333333
1532,vagina,6.0,5707.0,0.410983333333,-0.790119572455
1533,Pelosi,1.0,4.0,0.8316,-0.636
1534,lot,2.0,7.0,0.5669,-0.531314285714
1535,exactly,3.0,4.0,0.618,-0.504925
1536,HERE,7.0,2.0,0.4215,-0.6369
1537,R,2.0,4.0,0.8388,-0.554275
1538,Democratic,3.0,6.0,0.368533333333,-0.3818
1539,#Hollywood,4.0,1.0,0.197325,-0.1263
1540,loved,2.0,5.0,0.1602,-0.13316
1541,Maxine,1.0,2.0,0.2732,-0.2787
1542,screeching,2.0,2.0,0.296,-0.4094
1543,loves,29.0,6.0,0.125203448276,-0.287333333333
1544,bet,2.0,2.0,0.3066,-0.76445
1545,accusing,3.0,9.0,0.593466666667,-0.644955555556
1546,Other,5.0,2.0,0.5574,-0.5234
1547,defending,1.0,3.0,0.4329,-0.7941
1548,need,38.0,14.0,0.226355263158,-0.528664285714
1549,apparently,3.0,4.0,0.4531,-0.6923
1550,clearly,1.0,2.0,0.5425,-0.4661
1551,complete,4.0,4.0,0.458425,-0.7516
1552,screw,2.0,2.0,0.3094,-0.33785
1553,afraid,3.0,3.0,0.7846,-0.673666666667
1554,BIG,2.0,8.0,0.6115,-0.53995
1555,After,36.0,18.0,0.502244444444,-0.4499
1556,Snowflake,2.0,14.0,0.4753,-0.181357142857
1557,Flee,1.0,1.0,0.1779,-0.6597
1558,Stamos,1.0,1.0,0.8585,-0.128
1559,Weinstein,1096.0,5562.0,0.513513868613,-0.660845505214
1560,where's,1.0,1.0,0.443,-0.1695
1561,Games,2.0,2.0,0.7902,-0.22515
1562,KARMA,3.0,3.0,0.5859,-0.7625
1563,blaming,3.0,2.0,0.497633333333,-0.7157
1564,witness,1.0,2.0,0.2434,-0.81865
1565,hypocrite,10.0,24.0,0.42536,-0.5334
1566,request,2.0,586.0,0.5081,-0.6166
1567,Actress,6.0,8.0,0.225166666667,-0.5671875
1568,face,7.0,6.0,0.413757142857,-0.437383333333
1569,looked,6.0,3.0,0.3844,-0.594133333333
1570,denouncing,2.0,1.0,0.39845,-0.8271
1571,se,4.0,3.0,0.4409,-0.311166666667
1572,#Enabler,2.0,1.0,0.4939,-0.2755
1573,Matt,3.0,2.0,0.675966666667,-0.3385
1574,dejara,1.0,1.0,0.3818,-0.25
1575,anyway,2.0,2.0,0.42245,-0.64075
1576,Cyrus,2.0,2.0,0.61675,-0.57075
1577,bring,2.0,2.0,0.53035,-0.33295
1578,ì,3.0,2.0,0.424633333333,-0.557
1579,democrats,1.0,1.0,0.4486,-0.8172
1580,fear,1.0,3.0,0.9273,-0.810566666667
1581,MUST,1.0,3.0,0.6369,-0.7202
1582,one,45.0,54.0,0.408424444444,-0.487601851852
1583,based,1.0,1.0,0.3919,-0.5106
1584,knowledge,2.0,1.0,0.3471,-0.2921
1585,grabber,4.0,16.0,0.6239,-0.3818
1586,York,6.0,3.0,0.5199,-0.5729
1587,hope,5.0,8.0,0.48218,-0.656075
1588,meant,4.0,1.0,0.552775,-0.4995
1589,#autographs,2.0,1.0,0.25985,-0.7003
1590,they're,1.0,1.0,0.8126,-0.5719
1591,ones,4.0,5.0,0.710225,-0.4455
1592,sues,1.0,1.0,0.1779,-0.926
1593,words,2.0,13.0,0.36575,-0.549138461538
1594,THE,4.0,12.0,0.4276,-0.675008333333
1595,endless,1.0,1.0,0.4939,-0.5859
1596,Because,2.0,14.0,0.65555,-0.652364285714
1597,course,2.0,3.0,0.3143,-0.598266666667
1598,Move,4.0,2.0,0.5358,-0.4404
1599,Paltrow,29.0,478.0,0.536682758621,-0.208356485356
1600,calling,9.0,55.0,0.413755555556,-0.472154545455
1601,allegation,2.0,5.0,0.2983,-0.4183
1602,protesting,1.0,6.0,0.434,-0.666283333333
1603,including,3.0,6.0,0.4192,-0.498916666667
1604,grab,8.0,1.0,0.5826625,-0.5859
1605,accuser,69.0,16.0,0.51094057971,-0.4128125
1606,Diane,39.0,43.0,0.501058974359,-0.497481395349
1607,Kind,2.0,3.0,0.50495,-0.0258
1608,.https,1.0,2.0,0.6256,-0.5288
1609,predator,173.0,21.0,0.453620809249,-0.612271428571
1610,Good,208.0,4.0,0.679883173077,-0.322325
1611,®,2.0,6.0,0.1779,-0.5202
1612,Rosanna,8.0,2.0,0.5363875,-0.26115
1613,horrible,1.0,5.0,0.0258,-0.55102
1614,pants,1.0,1.0,0.1531,-0.836
1615,job,4.0,8.0,0.34785,-0.4502625
1616,abusos,1.0,2.0,0.34,-0.18875
1617,harrassment,3.0,1.0,0.0608,0.0
1618,career,183.0,202.0,0.47473715847,-0.438836138614
1619,joke,8.0,5.0,0.6351875,-0.2267
1620,invited,1.0,2.0,0.3182,-0.27115
1621,etc,14.0,25.0,0.544085714286,-0.309412
1622,lo,7.0,3.0,0.349,-0.5917
1623,comment,2.0,16.0,0.23235,-0.5598
1624,relevant,1.0,1.0,0.3612,-0.2481
1625,spewed,1.0,1.0,0.25,-0.8197
1626,Her,24.0,49.0,0.410329166667,-0.489318367347
1627,DVD,6.0,1.0,0.435533333333,-0.5983
1628,Hanoi,2.0,15.0,0.5312,-0.296
1629,Hey,12.0,5707.0,0.231033333333,-0.789988417733
1630,Lol,4.0,2.0,0.286475,-0.27335
1631,walk,1.0,1.0,0.7184,-0.5093
1632,incest,1.0,1.0,0.8299,-0.4939
1633,THEY,1.0,2.0,0.7125,-0.6503
1634,gave,5.0,7.0,0.45938,-0.774071428571
1635,respect,14.0,3.0,0.43185,-0.137
1636,winning,1.0,1.0,0.34,-0.3016
1637,S,1.0,3.0,0.4404,-0.5163
1638,poem,1.0,7.0,0.3612,-0.326428571429
1639,Get,3.0,1.0,0.3902,-0.2462
1640,©,8.0,40.0,0.4866,-0.58495
1641,it's,6.0,13.0,0.357583333333,-0.426976923077
1642,responds,16.0,3.0,0.3031375,-0.3627
1643,liberals,5.0,442.0,0.56398,-0.176457013575
1644,....you,5.0,2.0,0.4019,-0.6531
1645,#Trump,2.0,25.0,0.59555,-0.828632
1646,Center,40.0,9.0,0.658865,-0.34
1647,Sarsour,8.0,3.0,0.1695,-0.602633333333
1648,Face,10.0,4.0,0.2924,-0.3241
1649,Thursday,7.0,10.0,0.4043,-0.39174
1650,That's,2.0,16.0,0.5269,-0.61523125
1651,And,49.0,69.0,0.383418367347,-0.638810144928
1652,Fonda,38.0,6.0,0.45905,-0.403733333333
1653,country,11.0,2.0,0.319745454545,-0.67725
1654,Anti-Trump,31.0,20.0,0.223780645161,-0.608805
1655,happened,3.0,8.0,0.4857,-0.62685
1656,Any,1.0,1.0,0.34,-0.6705
1657,#ClipTrends,2.0,1.0,0.6112,-0.296
1658,almost,8.0,1.0,0.539575,-0.8363
1659,helped,5.0,30.0,0.29948,-0.68833
1660,Pretty,2.0,1.0,0.5662,0.0
1661,You,59.0,73.0,0.500533898305,-0.410817808219
1662,Hope,2.0,1.0,0.3653,-0.8181
1663,Loving,14.0,1.0,0.6597,0.0
1664,began,1.0,1.0,0.3182,0.0
1665,Interview,40.0,56.0,0.5281475,-0.456566071429
1666,slammed,1.0,1.0,0.4738,-0.296
1667,misogynist,3.0,2.0,0.419333333333,-0.2942
1668,gets,56.0,2985.0,0.585858928571,-0.800129815745
1669,#Ashley,1.0,1.0,0.7184,-0.2023
1670,Gwyneth,29.0,477.0,0.539568965517,-0.20874884696
1671,reporting,1.0,2.0,0.296,-0.4497
1672,effect,1.0,1.0,0.5106,-0.4404
1673,Gloria,2.0,7.0,0.54595,-0.373885714286
1674,ashley,27.0,37.0,0.465403703704,-0.518956756757
1675,lunch,1.0,1.0,0.5707,0.0
1676,Graham,4.0,1.0,0.5248,-0.6369
1677,well,15.0,2.0,0.406946666667,-0.13275
1678,fighting,1.0,1.0,0.2484,-0.4329
1679,YEARS,2.0,4.0,0.3126,0.0
1680,thought,8.0,15.0,0.4626125,-0.579793333333
1681,ARE,1.0,7.0,0.5204,-0.689271428571
1682,Have,35.0,18.0,0.355737142857,-0.447783333333
1683,usual,1.0,1.0,0.0772,-0.4767
1684,BE,1.0,1.0,0.1731,-0.858
1685,™,2.0,13.0,0.39135,-0.475969230769
1686,less,2.0,3.0,0.5599,-0.5436
1687,moments,1.0,1.0,0.8126,-0.6369
1688,cries,3.0,1.0,0.0258,-0.7184
1689,Crews,25.0,2.0,0.3612,-0.2023
1690,protecting,3.0,12.0,0.618366666667,-0.6467
1691,Be,2.0,77.0,0.34,-0.8002
1692,YouTube,1.0,2.0,0.802,-0.82215
1693,fled,1.0,3.0,0.1779,-0.541266666667
1694,attractive,1.0,4.0,0.7263,-0.794575
1695,smart,1.0,1.0,0.4576,-0.2163
1696,Nobody,1.0,1.0,0.6221,-0.5707
1697,who's,1.0,1.0,0.1027,0.0
1698,Sawyer,39.0,42.0,0.501058974359,-0.490647619048
1699,T,3.0,2.0,0.378533333333,-0.29915
1700,TRUMP,2.0,6.0,0.5719,-0.746666666667
1701,puppy,2.0,1.0,0.6369,-0.5423
1702,like,245.0,1345.0,0.559713877551,-0.459896282528
1703,lost,6.0,17.0,0.2807,-0.580335294118
1704,#Ashley_Judd,2.0,2.0,0.6112,-0.3682
1705,admitted,3.0,5.0,0.2825,-0.43934
1706,Warning,1.0,5.0,0.8523,-0.41042
1707,become,4.0,1.0,0.264225,-0.1779
1708,works,2.0,1.0,0.54095,-0.5423
1709,page,3.0,1.0,0.139866666667,-0.347
1710,Quit,2.0,2.0,0.4753,-0.9274
1711,twitter,23.0,93.0,0.404586956522,-0.487159139785
1712,î,4.0,7.0,0.5121,-0.671314285714
1713,home,1.0,8.0,0.836,-0.691775
1714,ASHLEY,38.0,67.0,0.468123684211,-0.585053731343
1715,lead,2.0,3.0,0.5147,-0.5689
1716,literally,1.0,9.0,0.892,-0.493844444444
1717,blowing,7.0,1.0,0.1531,-0.296
1718,Up,3.0,6.0,0.709933333333,-0.180766666667
1719,Ur,1.0,15.0,0.3612,-0.926186666667
1720,Um,1.0,4.0,0.2732,-0.55305
1721,host,1.0,1.0,0.4019,0.0
1722,Un,2.0,4.0,0.189,-0.526925
1723,Uh,1.0,1.0,0.0258,-0.2023
1724,Allegation,27.0,13.0,0.492618518519,-0.408946153846
1725,r,1.0,15.0,0.5413,-0.50038
1726,stage,45.0,8.0,0.587371111111,-0.6943125
1727,actual,5.0,1.0,0.1846,-0.2732
1728,getting,10.0,9.0,0.43612,-0.543233333333
1729,UP,1.0,3.0,0.68,-0.620933333333
1730,accusers,5.0,8.0,0.27356,-0.3101
1731,Couldn't,1.0,1.0,0.091,-0.8172
1732,Really,1.0,4.0,0.6597,-0.264775
1733,pussy,17.0,75.0,0.525347058824,-0.541288
1734,Seydoux,4.0,1.0,0.40535,-0.6369
1735,year,2.0,6.0,0.24395,-0.56015
1736,...no,6.0,1.0,0.25,-0.5859
1737,donde,1.0,1.0,0.7906,-0.8248
1738,Lawrence,11.0,19.0,0.606581818182,-0.249568421053
1739,kidding,2.0,1.0,0.3739,-0.7843
1740,Amy,2.0,7.0,0.5859,-0.366385714286
1741,Vegas,1.0,2.0,0.7125,-0.5453
1742,biggest,13.0,4.0,0.128276923077,-0.684325
1743,yrs,6.0,9.0,0.536133333333,-0.4424
1744,Wienstein,1.0,1.0,0.6369,-0.453
1745,buy,3.0,3.0,0.407933333333,-0.796733333333
1746,WEINSTEIN,1.0,18.0,0.508,-0.779022222222
1747,Well,12.0,11.0,0.485983333333,-0.445827272727
1748,yeah,4.0,9.0,0.684875,-0.455644444444
1749,Chelsea,5.0,5.0,0.6239,-0.52292
1750,bud,1.0,1.0,0.4019,-0.628
1751,social_bar,4.0,14.0,0.6512,-0.447371428571
1752,Compare,1.0,3.0,0.128,-0.777533333333
1753,made,21.0,44.0,0.424647619048,-0.585581818182
1754,¶,518.0,1272.0,0.468229343629,-0.566289308176
1755,wish,3.0,2.0,0.4144,-0.149
1756,Ted,5.0,1.0,0.38992,-0.6239
1757,record,2.0,4.0,0.6369,-0.682075
1758,problem,10.0,14.0,0.68301,-0.377192857143
1759,piece,3.0,4.0,0.4193,-0.469875
1760,CIA,1.0,1.0,0.25,-0.7241
1761,ABC's,3.0,9.0,0.304366666667,-0.374266666667
1762,pic,1.0,5.0,0.3612,-0.35232
1763,pig,30.0,4.0,0.46304,-0.64705
1764,MSM,2.0,2.0,0.3661,-0.4404
1765,happen,4.0,12.0,0.5703,-0.611883333333
1766,compared,1.0,1.0,0.3612,-0.8181
1767,Never,1.0,6.0,0.0258,-0.5318
1768,40,2.0,1.0,0.5964,-0.4588
1769,book,1.0,3.0,0.3182,-0.5287
1770,Mouth,3.0,2.0,0.378366666667,-0.5983
1771,Know,5.0,1.0,0.6345,-0.7103
1772,sick,76.0,26.0,0.830053947368,-0.60375
1773,Maria,30.0,1.0,0.5106,-0.5093
1774,star,4.0,7.0,0.398425,-0.483171428571
1775,Like,21.0,7.0,0.362947619048,-0.484571428571
1776,March,26.0,5737.0,0.560130769231,-0.790450531637
1777,chance,6.0,11.0,0.469733333333,-0.457518181818
1778,U,8.0,6.0,0.6137125,-0.5341
1779,badass,1.0,1.0,0.7506,-0.1531
1780,N,1.0,2.0,0.4215,-0.9169
1781,friends,2.0,1.0,0.38305,-0.836
1782,lives,3.0,1.0,0.249966666667,0.0
